Datetime,EL,RPM,SPD,MAF,TPS,FACER,APP,KM,LFT,IAT,VOL,GPS_LAT,GPS_LON
2021/7/16 10:42:44,0.22,1250,36,3.96,5.098,0,0,2108,-6.25,54,14.698,,
2021/7/16 10:42:46,0.196,1225,30,2.94,3.922,0,0,2108,-6.25,54,14.77,23.028772,120.22468
2021/7/16 10:42:47,0.169,1225,18,3.04,3.922,0,0,2108,-7.031,54,14.568,23.028772,120.22468
2021/7/16 10:42:49,0.208,987.5,14,2.91,3.922,0,0,2108,-7.031,54,13.744,23.028772,120.22468
2021/7/16 10:42:51,0.22,775,8,4.69,5.882,0,0,2108,-7.031,54,13.105,23.028772,120.22468
2021/7/16 10:42:52,0.42,787.5,2,3.72,5.098,0,0,2108,-7.031,54,12.539,23.028772,120.22468
2021/7/16 10:42:54,0.365,762.5,0,3.09,4.314,0,0,2108,-7.031,54,12.36,23.028772,120.22468
2021/7/16 10:42:56,0.314,712.5,0,2.79,3.529,0,0,2108,-7.031,54,12.28,23.029076,120.22455
2021/7/16 10:42:57,0.306,675,0,2.77,3.529,0,0,2108,-7.031,54,12.246,23.029076,120.22455
2021/7/16 10:42:59,0.302,662.5,0,2.67,3.529,0,0,2108,-7.031,54,12.249,23.029076,120.22455
2021/7/16 10:43:01,0.31,650,0,2.97,3.529,0,0,2108,-7.031,54,12.314,23.029076,120.22455
2021/7/16 10:43:03,0.314,662.5,0,3.03,3.529,0,0,2108,-7.031,54,12.333,23.029026,120.22456
2021/7/16 10:43:04,0.318,687.5,0,2.95,3.922,0,0,2108,-7.031,54,12.262,23.029026,120.22456
2021/7/16 10:43:06,0.325,700,0,3.34,3.922,0,0,2108,-7.031,55,12.272,23.029026,120.22456
2021/7/16 10:43:08,0.325,712.5,0,3.31,3.922,0,0,2108,-7.031,55,12.23,23.029026,120.22456
2021/7/16 10:43:10,0.329,700,0,2.95,3.922,0,0,2108,-7.031,55,12.27,23.029043,120.22458
2021/7/16 10:43:11,0.329,700,0,3.3,3.922,0,0,2108,-7.031,55,12.308,23.029043,120.22458
2021/7/16 10:43:13,0.333,700,0,3,3.922,0,0,2108,-7.031,55,12.114,23.029043,120.22458
2021/7/16 10:43:15,0.333,712.5,0,3.2,3.922,0,0,2108,-7.031,55,12.327,23.029043,120.22458
2021/7/16 10:43:17,0.333,700,0,3.02,3.922,0,0,2108,-7.031,55,12.263,23.028992,120.22453
2021/7/16 10:43:19,0.333,712.5,0,3.38,3.922,0,0,2108,-7.031,55,12.368,23.028992,120.22453
2021/7/16 10:43:20,0.345,725,0,3.31,4.314,0,0,2108,-7.031,55,12.357,23.028992,120.22453
2021/7/16 10:43:22,0.361,712.5,0,3.47,4.314,0,0,2108,-7.031,55,12.445,23.028992,120.22453
2021/7/16 10:43:24,0.376,712.5,0,3.8,4.706,0,0,2108,-7.031,55,12.653,23.029051,120.22458
2021/7/16 10:43:25,0.384,712.5,0,3.66,4.706,0,0,2108,-7.031,55,12.97,23.029051,120.22458
2021/7/16 10:43:27,0.392,712.5,0,3.78,4.706,0,0,2108,-7.031,56,12.852,23.029051,120.22458
2021/7/16 10:43:29,0.396,700,0,3.73,4.706,0,0,2108,-7.031,56,13.196,23.029051,120.22458
2021/7/16 10:43:31,0.4,700,0,3.9,4.706,0,0,2108,-7.031,56,13.299,23.029076,120.22452
2021/7/16 10:43:32,0.4,712.5,0,3.55,4.706,0,0,2108,-7.031,56,13.089,23.029076,120.22452
2021/7/16 10:43:34,0.392,712.5,0,3.6,4.706,0,0,2108,-7.031,56,13.067,23.029076,120.22452
2021/7/16 10:43:36,0.388,712.5,0,3.77,4.706,0,0,2108,-7.031,56,13.167,23.029076,120.22452
2021/7/16 10:43:38,0.388,712.5,0,3.45,4.706,0,0,2108,-7.031,56,13.254,23.0291,120.22448
2021/7/16 10:43:39,0.384,712.5,0,3.78,4.706,0,0,2108,-7.031,56,13.298,23.0291,120.22448
2021/7/16 10:43:41,0.384,700,0,3.58,4.706,0,0,2108,-7.031,56,13.276,23.0291,120.22448
2021/7/16 10:43:43,0.384,712.5,0,3.76,4.706,0,0,2108,-7.031,56,13.134,23.0291,120.22448
2021/7/16 10:43:45,0.384,712.5,0,3.72,4.706,0,0,2108,-7.031,56,13.153,23.029125,120.22443
2021/7/16 10:43:46,0.38,712.5,0,3.47,4.706,0,0,2108,-7.031,56,13.278,23.029125,120.22443
2021/7/16 10:43:48,0.38,700,0,3.63,4.706,0,0,2108,-7.031,57,13.153,23.029125,120.22443
2021/7/16 10:43:50,0.38,712.5,0,3.42,4.706,0,0,2108,-7.031,57,13.321,23.029125,120.22443
2021/7/16 10:43:52,0.38,700,0,3.64,4.706,0,0,2108,-7.031,57,13.152,23.029139,120.2244
2021/7/16 10:43:54,0.38,700,0,3.62,4.706,0,0,2108,-7.031,57,13.392,23.029139,120.2244
2021/7/16 10:43:55,0.38,700,0,3.4,4.706,0,0,2108,-7.031,57,13.33,23.029139,120.2244
2021/7/16 10:43:57,0.384,700,0,3.64,4.706,0,8.235,2108,-7.031,57,13.328,23.029139,120.2244
2021/7/16 10:43:59,0.424,1187.5,4,10.58,9.02,0,18.039,2108,-5.469,57,13.32,23.029181,120.22436
2021/7/16 10:44:01,0.514,1587.5,14,14.59,14.902,0,18.431,2108,-3.906,57,13.326,23.029181,120.22436
2021/7/16 10:44:02,0.58,1587.5,18,12.39,12.941,0,17.255,2108,-5.469,57,13.347,23.029181,120.22436
2021/7/16 10:44:04,0.627,1487.5,22,12.69,13.333,0,18.039,2108,-5.469,57,13.288,23.029181,120.22436
2021/7/16 10:44:06,0.663,1500,28,13.48,14.118,0,18.039,2108,-5.469,57,13.33,23.029432,120.22445
2021/7/16 10:44:07,0.686,1462.5,34,13.74,14.902,0,18.039,2108,-5.469,56,13.344,23.029432,120.22445
2021/7/16 10:44:09,0.714,1437.5,36,2.99,3.529,0,0,2108,-6.25,57,14.836,23.029432,120.22445
2021/7/16 10:44:11,0.157,1237.5,34,4.46,3.922,0,0,2108,-6.25,57,14.575,23.029432,120.22445
2021/7/16 10:44:12,0.294,1175,32,4.53,5.49,0,0,2108,-6.25,56,14.412,23.029432,120.22445
2021/7/16 10:44:14,0.298,1000,30,3.87,5.098,0,0,2108,-6.25,56,13.851,23.029892,120.22502
2021/7/16 10:44:16,0.29,987.5,24,3.69,4.706,0,0,2108,-6.25,56,13.047,23.029892,120.22502
2021/7/16 10:44:17,0.271,1000,20,3.23,4.314,0,0,2108,-7.031,56,12.599,23.029892,120.22502
2021/7/16 10:44:19,0.271,812.5,8,3.22,4.314,0,0,2108,-7.031,56,12.372,23.029892,120.22502
2021/7/16 10:44:21,0.325,700,2,3.32,4.314,0,0,2108,-7.031,56,12.304,23.03009,120.2253
2021/7/16 10:44:22,0.337,700,2,3.06,3.922,0,0,2108,-7.031,56,12.41,23.03009,120.2253
2021/7/16 10:44:24,0.333,700,0,2.92,3.922,0,0,2108,-7.031,56,12.315,23.03009,120.2253
2021/7/16 10:44:26,0.322,675,0,3.35,3.922,0,0,2108,-7.031,56,12.372,23.03009,120.2253
2021/7/16 10:44:27,0.333,725,0,3.24,4.314,0,0,2108,-7.031,56,12.282,23.03009,120.2253
2021/7/16 10:44:29,0.333,712.5,0,3.27,4.314,0,0,2108,-7.031,56,12.229,23.0301,120.22532
2021/7/16 10:44:31,0.333,700,0,3.03,4.314,0,0,2108,-7.031,56,12.255,23.0301,120.22532
2021/7/16 10:44:32,0.333,712.5,0,3.31,4.314,0,0,2108,-7.031,56,12.271,23.0301,120.22532
2021/7/16 10:44:34,0.337,712.5,0,3.08,4.314,0,0,2108,-7.031,56,12.269,23.0301,120.22532
2021/7/16 10:44:36,0.337,712.5,0,3.31,4.314,0,0,2108,-7.031,57,12.249,23.03009,120.22533
2021/7/16 10:44:38,0.341,712.5,0,3.42,4.314,0,0,2108,-7.031,57,12.399,23.03009,120.22533
2021/7/16 10:44:39,0.341,712.5,0,3.43,4.314,0,2.745,2108,-7.031,57,12.334,23.03009,120.22533
2021/7/16 10:44:41,0.345,737.5,0,8.89,7.843,0,21.176,2108,-5.469,57,13.254,23.03009,120.22533
2021/7/16 10:44:43,0.875,1762.5,10,35.17,42.353,0,58.824,2108,-3.906,57,12.337,23.030113,120.22536
2021/7/16 10:44:44,0.882,3175,30,36.84,40.392,0,37.647,2108,-3.906,57,12.3,23.030113,120.22536
2021/7/16 10:44:46,0.784,2700,36,15.33,25.882,0,0,2108,-6.25,56,13.167,23.030113,120.22536
2021/7/16 10:44:48,0.451,1675,40,3.08,3.137,0,0,2108,-7.031,56,13.081,23.030113,120.22536
2021/7/16 10:44:49,0.243,950,38,2.57,3.529,0,0,2108,-7.031,56,12.422,23.030113,120.22536
2021/7/16 10:44:51,0.188,962.5,34,2.42,2.745,0,0,2108,-7.031,57,12.317,23.030113,120.22536
2021/7/16 10:44:53,0.188,1162.5,32,11.41,9.804,0,17.647,2108,-3.906,56,12.863,23.030113,120.22536
2021/7/16 10:44:54,0.525,1862.5,34,12.66,13.333,0,16.471,2108,-5.469,56,13.311,23.030113,120.22536
2021/7/16 10:44:56,0.592,1337.5,36,4.28,5.098,0,0,2108,-6.25,55,13.286,23.030113,120.22536
2021/7/16 10:44:58,0.235,1225,34,7.2,8.235,0,10.98,2108,-6.25,55,13.289,23.031013,120.22633
2021/7/16 10:45:00,0.455,1412.5,32,8.9,9.804,0,10.98,2108,-5.469,55,13.298,23.031013,120.22633
2021/7/16 10:45:01,0.522,1262.5,34,7.32,7.059,0,8.235,2108,-6.25,55,13.292,23.031013,120.22633
2021/7/16 10:45:03,0.435,1237.5,34,3.04,5.882,0,0.392,2108,-6.25,55,14.756,23.031013,120.22633
2021/7/16 10:45:04,0.204,1225,34,3.03,3.922,0,0,2108,-6.25,55,14.749,23.031013,120.22633
2021/7/16 10:45:06,0.169,1250,30,2.95,3.529,0,0,2108,-6.25,55,14.748,23.031013,120.22633
2021/7/16 10:45:08,0.161,1237.5,28,2.86,3.529,0,0,2108,-6.25,56,14.753,23.031013,120.22633
2021/7/16 10:45:09,0.157,1237.5,24,8.27,7.451,0,18.824,2108,-5.469,55,13.355,23.031013,120.22633
2021/7/16 10:45:11,0.596,1800,26,20.06,16.471,0,38.431,2108,-3.906,55,12.623,23.031013,120.22633
2021/7/16 10:45:13,0.808,1912.5,30,26.19,27.059,0,38.431,2108,-3.906,54,12.394,23.031013,120.22633
2021/7/16 10:45:14,0.776,2512.5,38,12.41,14.902,0,13.333,2108,-6.25,54,12.327,23.031013,120.22633
2021/7/16 10:45:16,0.376,1837.5,40,4.42,9.804,0,0,2108,-6.25,54,13.254,23.031013,120.22633
2021/7/16 10:45:17,0.337,1262.5,40,12.71,11.373,0,19.216,2108,-5.469,54,13.282,23.031013,120.22633
2021/7/16 10:45:19,0.816,1412.5,40,16.34,21.176,0,9.412,2108,-6.25,54,13.289,23.031013,120.22633
2021/7/16 10:45:21,0.812,1325,42,6.32,6.275,0,7.843,2108,-6.25,54,13.293,23.031013,120.22633
2021/7/16 10:45:22,0.396,1200,42,8.81,9.412,0,11.765,2108,-5.469,54,13.306,23.031013,120.22633
2021/7/16 10:45:24,0.541,1225,42,2.71,3.529,0,0,2108,-6.25,54,14.703,23.031013,120.22633
2021/7/16 10:45:25,0.204,1237.5,40,4.57,5.49,0,7.843,2108,-6.25,54,13.664,23.031013,120.22633
2021/7/16 10:45:27,0.286,1300,38,17.56,12.157,0,24.314,2108,-2.344,54,13.303,23.031013,120.22633
2021/7/16 10:45:29,0.847,1800,42,19.96,23.529,0,25.49,2108,-2.344,53,12.623,23.031013,120.22633
2021/7/16 10:45:30,0.824,1825,46,5.17,23.529,0,1.569,2108,-6.25,53,13.567,23.031013,120.22633
2021/7/16 10:45:32,0.216,1212.5,46,6.58,5.098,0,12.157,2108,-6.25,53,13.289,23.031013,120.22633
2021/7/16 10:45:34,0.471,1412.5,46,14.05,12.549,0,18.431,2108,-5.469,53,13.286,23.031013,120.22633
2021/7/16 10:45:35,0.757,1587.5,50,15.84,17.647,0,19.216,2108,-5.469,52,13.317,23.031013,120.22633
2021/7/16 10:45:37,0.745,1575,52,15.13,16.863,0,17.647,2108,-5.469,52,13.263,23.031013,120.22633
2021/7/16 10:45:39,0.227,1262.5,54,2.73,3.137,0,2.745,2108,-6.25,52,14.142,23.034039,120.2293
2021/7/16 10:45:41,0.157,1250,54,22.7,9.804,0,33.725,2108,-2.344,52,12.618,23.034039,120.2293
2021/7/16 10:45:42,0.965,1987.5,56,18.7,28.235,0,3.529,2108,-6.25,51,12.471,23.034039,120.2293
2021/7/16 10:45:44,0.2,1512.5,58,20.12,5.098,0,41.961,2108,-2.344,51,12.56,23.034039,120.2293
2021/7/16 10:45:45,0.98,2325,62,22.03,27.843,0,0,2108,-6.25,50,13.021,23.034039,120.2293
2021/7/16 10:45:47,0.173,1450,62,4.41,4.706,0,0,2108,-7.031,51,14.34,23.034916,120.23013
2021/7/16 10:45:49,0.243,850,60,2.86,3.529,0,0,2109,-7.031,51,13.923,23.034916,120.23013
2021/7/16 10:45:50,0.208,987.5,54,2.57,3.529,0,0,2109,-6.25,52,13.176,23.034916,120.23013
2021/7/16 10:45:52,0.18,1025,50,2.34,3.137,0,0,2109,-6.25,52,12.7,23.034916,120.23013
2021/7/16 10:45:54,0.157,950,40,2.32,2.745,0,0,2109,-7.031,52,12.45,23.035614,120.23085
2021/7/16 10:45:56,0.165,1075,24,3.7,4.706,0,0,2109,-6.25,52,12.262,23.035614,120.23085
2021/7/16 10:45:57,0.251,950,16,3.09,4.314,0,0,2109,-7.031,52,12.287,23.035614,120.23085
2021/7/16 10:45:59,0.267,850,10,3.33,3.922,0,0,2109,-7.031,52,12.362,23.035614,120.23085
2021/7/16 10:46:01,0.333,687.5,4,3.35,4.314,0,0,2109,-7.031,52,12.331,23.035852,120.23109
2021/7/16 10:46:03,0.341,712.5,4,3.28,4.314,0,0,2109,-7.031,52,12.297,23.035852,120.23109
2021/7/16 10:46:04,0.341,712.5,4,3.1,4.314,0,0,2109,-7.031,52,12.277,23.035852,120.23109
2021/7/16 10:46:06,0.337,712.5,4,3.07,4.314,0,0,2109,-7.031,52,12.389,23.035852,120.23109
2021/7/16 10:46:08,0.341,712.5,0,3.38,4.314,0,0,2109,-7.031,53,12.185,23.035921,120.23116
2021/7/16 10:46:10,0.341,700,0,3.12,4.314,0,0,2109,-7.031,53,12.376,23.035921,120.23116
2021/7/16 10:46:11,0.341,687.5,0,3.51,4.314,0,0,2109,-7.031,53,12.367,23.035921,120.23116
2021/7/16 10:46:13,0.349,725,0,3.44,4.314,0,0,2109,-7.031,53,12.38,23.035921,120.23116
2021/7/16 10:46:15,0.345,712.5,0,3.47,4.314,0,0,2109,-7.031,53,12.289,23.035925,120.23116
2021/7/16 10:46:17,0.345,700,0,3.31,4.314,0,0,2109,-7.031,53,12.498,23.035925,120.23116
2021/7/16 10:46:18,0.357,712.5,0,3.38,4.706,0,0,2109,-7.031,53,12.725,23.035925,120.23116
2021/7/16 10:46:20,0.373,700,0,3.67,4.706,0,0,2109,-7.031,54,12.562,23.035925,120.23116
2021/7/16 10:46:22,0.384,700,0,3.66,4.706,0,0,2109,-7.031,54,12.7,23.035936,120.23116
2021/7/16 10:46:24,0.392,712.5,0,3.56,4.706,0,0,2109,-7.031,54,12.98,23.035936,120.23116
2021/7/16 10:46:25,0.396,700,0,3.64,4.706,0,0,2109,-7.031,54,13.087,23.035936,120.23116
2021/7/16 10:46:27,0.4,725,0,3.67,4.706,0,0,2109,-7.031,54,13.271,23.035936,120.23116
2021/7/16 10:46:29,0.4,712.5,0,3.62,4.706,0,0,2109,-7.031,54,13.084,23.035946,120.23115
2021/7/16 10:46:31,0.4,725,0,3.71,4.706,0,0,2109,-7.031,55,13.107,23.035946,120.23115
2021/7/16 10:46:32,0.396,700,0,3.55,4.706,0,0,2109,-7.031,55,13.322,23.035946,120.23115
2021/7/16 10:46:34,0.392,712.5,0,3.69,4.706,0,0,2109,-7.031,55,13.391,23.035955,120.23114
2021/7/16 10:46:36,0.388,712.5,0,3.71,4.706,0,0,2109,-7.031,55,13.095,23.035955,120.23114
2021/7/16 10:46:37,0.388,700,0,3.67,4.706,0,0,2109,-7.031,55,13.112,23.035955,120.23114
2021/7/16 10:46:39,0.384,712.5,0,3.36,4.706,0,0,2109,-7.031,55,13.31,23.035961,120.23114
2021/7/16 10:46:41,0.38,712.5,0,3.63,4.706,0,0,2109,-7.031,55,13.083,23.035961,120.23114
2021/7/16 10:46:42,0.384,712.5,0,3.77,4.706,0,0,2109,-7.031,55,13.113,23.035961,120.23114
2021/7/16 10:46:44,0.38,700,0,3.44,4.706,0,2.353,2109,-7.031,56,13.17,23.035961,120.23114
2021/7/16 10:46:46,0.42,837.5,0,6.96,7.843,0,11.373,2109,-6.25,56,13.292,23.035961,120.23114
2021/7/16 10:46:47,0.447,1187.5,4,10.89,12.157,0,19.608,2109,-5.469,56,13.322,23.035961,120.23114
2021/7/16 10:46:49,0.604,1600,14,15.27,13.725,0,24.314,2109,-3.906,56,13.294,23.036001,120.23119
2021/7/16 10:46:51,0.71,1662.5,20,20.51,17.647,0,32.941,2109,-3.906,56,13.293,23.036001,120.23119
2021/7/16 10:46:52,0.82,2350,30,28.77,32.941,0,25.882,2109,-3.906,56,13.278,23.036001,120.23119
2021/7/16 10:46:54,0.725,2450,38,2.89,3.529,0,0,2109,-6.25,56,14.774,23.036224,120.23145
2021/7/16 10:46:56,0.137,1275,38,3.29,3.529,0,7.843,2109,-6.25,56,13.322,23.036224,120.23145
2021/7/16 10:46:57,0.216,1237.5,38,14.5,12.549,0,18.431,2109,-5.469,56,13.582,23.036224,120.23145
2021/7/16 10:46:59,0.192,1387.5,40,4.28,3.529,0,0,2109,-6.25,56,14.722,23.03657,120.23183
2021/7/16 10:47:01,0.247,1225,40,4.98,5.49,0,5.49,2109,-6.25,56,13.337,23.03657,120.23183
2021/7/16 10:47:02,0.522,1275,40,9.74,10.98,0,11.765,2109,-5.469,55,13.293,23.03657,120.23183
2021/7/16 10:47:04,0.576,1287.5,40,9.69,10.98,0,11.765,2109,-5.469,55,13.297,23.036926,120.23222
2021/7/16 10:47:06,0.588,1262.5,44,11.38,12.549,0,13.725,2109,-5.469,55,13.3,23.036926,120.23222
2021/7/16 10:47:07,0.675,1287.5,44,11.25,12.941,0,14.118,2109,-5.469,54,13.28,23.036926,120.23222
2021/7/16 10:47:09,0.671,1450,48,20.16,25.49,0,26.667,2109,-2.344,54,12.875,23.037317,120.23267
2021/7/16 10:47:11,0.827,1862.5,52,3.05,26.275,0,0,2109,-6.25,53,13.498,23.037317,120.23267
2021/7/16 10:47:12,0.216,1212.5,52,2.89,3.529,0,0,2109,-6.25,54,14.763,23.037317,120.23267
2021/7/16 10:47:14,0.157,1225,50,2.72,3.529,0,0,2109,-6.25,54,14.113,23.037317,120.23267
2021/7/16 10:47:15,0.149,1300,48,11.03,12.549,0,13.725,2109,-5.469,54,13.298,23.037317,120.23267
2021/7/16 10:47:17,0.678,1337.5,50,12.19,13.725,0,14.902,2109,-5.469,53,13.322,23.037317,120.23267
2021/7/16 10:47:19,0.678,1350,52,3.81,4.706,0,0,2109,-6.25,53,14.744,23.038204,120.23367
2021/7/16 10:47:21,0.22,1212.5,50,3.96,4.706,0,0,2109,-6.25,53,14.785,23.038204,120.23367
2021/7/16 10:47:22,0.22,1237.5,46,3.8,4.706,0,0,2109,-6.25,53,14.767,23.038204,120.23367
2021/7/16 10:47:24,0.216,1250,42,3.76,4.706,0,0,2109,-6.25,53,14.761,23.038204,120.23367
2021/7/16 10:47:25,0.212,1250,36,2.94,4.706,0,0,2109,-6.25,53,14.717,23.038204,120.23367
2021/7/16 10:47:27,0.161,1212.5,24,2.77,3.529,0,0,2109,-6.25,54,14.52,23.038204,120.23367
2021/7/16 10:47:29,0.161,1437.5,20,7.65,8.235,0,9.804,2109,-6.25,53,13.261,23.038839,120.23451
2021/7/16 10:47:31,0.439,1500,20,13.68,12.157,0,26.667,2109,-5.469,53,13.271,23.038839,120.23451
2021/7/16 10:47:32,0.761,1562.5,22,20.73,20.392,0,33.333,2109,-3.906,53,12.542,23.038839,120.23451
2021/7/16 10:47:34,0.686,2375,32,22.46,21.569,0,30.196,2109,-3.125,52,12.357,23.038839,120.23451
2021/7/16 10:47:36,0.682,2225,40,22.59,21.176,0,29.02,2109,-3.125,52,12.385,23.038578,120.23491
2021/7/16 10:47:38,0.718,2275,44,24.46,22.353,0,27.451,2109,-3.125,51,12.374,23.038578,120.23491
2021/7/16 10:47:39,0.729,1612.5,50,2.16,2.745,0,3.137,2109,-6.25,51,13.221,23.038578,120.23491
2021/7/16 10:47:41,0.153,1187.5,48,3.28,3.529,0,4.314,2109,-7.031,52,13.236,23.038578,120.23491
2021/7/16 10:47:42,0.18,1175,48,6.1,7.059,0,8.235,2109,-7.031,51,13.242,23.038578,120.23491
2021/7/16 10:47:44,0.404,1287.5,48,6.66,7.451,0,7.843,2109,-6.25,51,13.246,23.038578,120.23491
2021/7/16 10:47:46,0.38,1250,48,6.45,7.451,0,7.843,2109,-7.031,51,13.499,23.038578,120.23491
2021/7/16 10:47:47,0.298,1237.5,46,3.65,4.314,0,18.039,2109,-7.031,52,13.903,23.038578,120.23491
2021/7/16 10:47:49,0.259,1287.5,44,20.86,25.098,0,27.059,2109,-2.344,51,12.647,23.038578,120.23491
2021/7/16 10:47:51,0.82,1825,50,4.29,22.745,0,0,2109,-7.031,50,13.519,23.037323,120.23626
2021/7/16 10:47:53,0.302,1525,50,3.08,3.922,0,0,2109,-7.031,51,14.7,23.037323,120.23626
2021/7/16 10:47:54,0.161,1237.5,48,2.73,3.529,0,0,2109,-7.031,51,14.737,23.037323,120.23626
2021/7/16 10:47:56,0.149,1237.5,46,2.65,3.529,0,0,2109,-7.031,51,14.728,23.037323,120.23626
2021/7/16 10:47:57,0.145,1250,42,2.93,3.137,0,5.882,2109,-7.031,51,13.259,23.037323,120.23626
2021/7/16 10:47:59,0.184,1275,40,7.83,5.49,0,11.765,2109,-5.469,51,13.239,23.037323,120.23626
2021/7/16 10:48:01,0.353,1300,42,13.48,16.078,0,17.647,2109,-5.469,51,13.283,23.037323,120.23626
2021/7/16 10:48:02,0.733,1475,42,14.35,16.078,0,17.647,2109,-5.469,50,13.264,23.037323,120.23626
2021/7/16 10:48:04,0.737,1500,46,15.14,16.863,0,18.431,2109,-5.469,50,13.259,23.037323,120.23626
2021/7/16 10:48:06,0.749,1500,48,14.76,16.863,0,18.431,2110,-5.469,50,13.258,23.036089,120.23756
2021/7/16 10:48:08,0.749,1525,50,15.15,17.255,0,18.431,2110,-5.469,49,13.278,23.036089,120.23756
2021/7/16 10:48:09,0.757,1512.5,52,4.03,11.373,0,5.49,2110,-7.031,50,13.781,23.036089,120.23756
2021/7/16 10:48:11,0.173,1162.5,50,2.78,3.529,0,0,2110,-7.031,50,14.726,23.035633,120.23807
2021/7/16 10:48:13,0.157,1187.5,48,2.62,3.137,0,3.529,2110,-7.031,50,13.946,23.035633,120.23807
2021/7/16 10:48:14,0.149,1287.5,46,9.67,11.373,0,13.725,2110,-5.469,50,13.256,23.035633,120.23807
2021/7/16 10:48:16,0.576,1275,48,5.6,8.627,0,0,2110,-7.031,50,14.215,23.03516,120.23848
2021/7/16 10:48:18,0.392,1187.5,46,3.49,5.49,0,0,2110,-7.031,50,13.299,23.03516,120.23848
2021/7/16 10:48:19,0.239,950,44,3.17,4.314,0,0,2110,-7.031,50,12.64,23.03516,120.23848
2021/7/16 10:48:21,0.251,887.5,40,3.03,3.922,0,6.275,2110,-7.031,50,12.412,23.03516,120.23848
2021/7/16 10:48:22,0.263,1225,40,9.17,7.843,0,11.765,2110,-5.469,50,13.179,23.03516,120.23848
2021/7/16 10:48:24,0.49,1562.5,40,10.79,12.549,0,13.725,2110,-5.469,50,13.242,23.03516,120.23848
2021/7/16 10:48:26,0.69,1300,42,3.65,13.725,0,0,2110,-7.031,50,14.723,23.03516,120.23848
2021/7/16 10:48:27,0.251,1312.5,42,3.29,3.529,0,5.098,2110,-7.031,50,13.243,23.03516,120.23848
2021/7/16 10:48:29,0.208,1250,42,3.79,5.49,0,0,2110,-6.25,50,14.045,23.03516,120.23848
2021/7/16 10:48:31,0.2,1225,38,2.64,3.137,0,0,2110,-6.25,50,14.721,23.033865,120.23958
2021/7/16 10:48:33,0.149,1225,34,2.61,3.529,0,4.314,2110,-6.25,50,13.474,23.033865,120.23958
2021/7/16 10:48:34,0.145,1275,32,10.44,7.843,0,12.941,2110,-5.469,50,13.282,23.033865,120.23958
2021/7/16 10:48:36,0.302,1225,34,3.47,4.314,0,0,2110,-6.25,50,13.624,23.033865,120.23958
2021/7/16 10:48:37,0.2,1187.5,30,2.74,3.137,0,0,2110,-6.25,50,14.728,23.033865,120.23958
2021/7/16 10:48:39,0.149,1250,22,2.67,3.529,0,0,2110,-6.25,50,14.702,23.033865,120.23958
2021/7/16 10:48:41,0.149,1187.5,18,2.73,3.529,0,0,2110,-7.031,50,13.978,23.033865,120.23958
2021/7/16 10:48:42,0.204,762.5,8,3.9,5.49,0,0,2110,-7.031,50,13.28,23.033865,120.23958
2021/7/16 10:48:44,0.396,775,6,4.93,4.706,0,12.157,2110,-7.031,50,12.572,23.033865,120.23958
2021/7/16 10:48:46,0.533,1650,8,13.39,12.549,0,21.961,2110,-3.125,50,12.573,23.033112,120.24006
2021/7/16 10:48:48,0.553,1987.5,12,18.22,14.118,0,25.098,2110,-3.125,50,12.371,23.033112,120.24006
2021/7/16 10:48:49,0.608,1862.5,24,8.52,17.647,0,0,2110,-6.25,51,12.31,23.033112,120.24006
2021/7/16 10:48:51,0.208,1350,26,9.29,4.314,0,14.902,2110,-6.25,51,13.176,23.033112,120.24006
2021/7/16 10:48:52,0.384,1700,26,13.63,13.725,0,22.353,2110,-3.125,51,13.195,23.033112,120.24006
2021/7/16 10:48:54,0.604,1700,28,14.56,14.51,0,23.529,2110,-3.125,51,13.266,23.033112,120.24006
2021/7/16 10:48:56,0.659,1450,34,5.42,6.275,0,7.451,2110,-6.25,51,13.282,23.032816,120.23952
2021/7/16 10:48:58,0.314,1212.5,34,8.45,6.667,0,15.686,2110,-6.25,51,13.258,23.032816,120.23952
2021/7/16 10:48:59,0.373,1425,36,13.23,14.118,0,19.608,2110,-5.469,51,13.249,23.032816,120.23952
2021/7/16 10:49:01,0.659,1550,38,16.21,14.902,0,24.706,2110,-3.125,50,13.242,23.032816,120.23952
2021/7/16 10:49:03,0.29,1475,42,3.72,6.275,0,0,2110,-6.25,50,14.745,23.032444,120.23892
2021/7/16 10:49:05,0.224,1237.5,40,6.35,4.706,0,8.235,2110,-6.25,50,13.252,23.032444,120.23892
2021/7/16 10:49:06,0.263,1300,38,3.7,4.314,0,0,2110,-6.25,50,13.266,23.032444,120.23892
2021/7/16 10:49:08,0.2,1237.5,34,3.65,4.706,0,0,2110,-6.25,50,12.919,23.032444,120.23892
2021/7/16 10:49:09,0.231,1112.5,26,2.37,3.137,0,0,2110,-6.25,51,12.601,23.032444,120.23892
2021/7/16 10:49:11,0.165,987.5,18,2.25,3.137,0,0,2110,-7.031,51,12.47,23.032444,120.23892
2021/7/16 10:49:13,0.188,825,8,2.68,2.745,0,0,2110,-7.031,51,12.371,23.032049,120.23818
2021/7/16 10:49:15,0.235,725,6,3.93,3.137,0,0,2110,-7.031,51,12.168,23.032049,120.23818
2021/7/16 10:49:16,0.255,1587.5,6,13.04,12.941,0,24.706,2110,-3.906,50,12.456,23.032049,120.23818
2021/7/16 10:49:18,0.584,1950,12,17.62,14.902,0,24.706,2110,-3.906,50,12.259,23.032049,120.23818
2021/7/16 10:49:19,0.584,1912.5,22,4.16,5.098,0,5.882,2110,-6.25,51,13.105,23.032049,120.23818
2021/7/16 10:49:21,0.259,1050,20,6.94,6.667,0,11.373,2110,-6.25,51,12.281,23.032049,120.23818
2021/7/16 10:49:23,0.475,1137.5,22,3.29,4.314,0,0,2110,-7.031,51,12.224,23.031902,120.23784
2021/7/16 10:49:25,0.267,850,22,7.04,4.314,0,16.471,2110,-6.25,52,13.226,23.031902,120.23784
2021/7/16 10:49:26,0.337,2175,24,19.78,18.039,0,32.157,2110,-3.125,51,12.316,23.031902,120.23784
2021/7/16 10:49:28,0.655,2300,28,4.17,14.118,0,0,2110,-6.25,51,13.488,23.031902,120.23784
2021/7/16 10:49:29,0.18,1500,30,4.91,6.275,0,13.333,2110,-6.25,51,13.23,23.031902,120.23784
2021/7/16 10:49:31,0.502,1812.5,26,10.41,17.647,0,10.98,2110,-5.469,51,13.231,23.031902,120.23784
2021/7/16 10:49:33,0.475,1437.5,28,3.83,5.49,0,0,2110,-7.031,51,12.945,23.031902,120.23784
2021/7/16 10:49:34,0.29,1012.5,24,3.34,4.314,0,0,2110,-7.031,51,12.372,23.031902,120.23784
2021/7/16 10:49:36,0.247,1012.5,20,12.08,8.627,0,18.039,2110,-3.125,51,13.239,23.031902,120.23784
2021/7/16 10:49:38,0.314,1387.5,22,3.8,4.706,0,0,2110,-7.031,51,12.937,23.031412,120.23695
2021/7/16 10:49:40,0.263,862.5,22,3.3,4.706,0,0,2110,-7.031,51,12.355,23.031412,120.23695
2021/7/16 10:49:41,0.259,925,12,3.38,4.314,0,0,2110,-7.031,51,12.258,23.031412,120.23695
2021/7/16 10:49:43,0.278,862.5,10,3.58,4.314,0,0,2110,-7.031,51,12.285,23.031412,120.23695
2021/7/16 10:49:44,0.314,825,8,3.51,4.706,0,0,2110,-7.031,51,12.252,23.031412,120.23695
2021/7/16 10:49:46,0.353,775,6,3.64,4.706,0,0,2110,-7.031,51,12.217,23.031412,120.23695
2021/7/16 10:49:48,0.353,737.5,4,3.31,4.706,0,0,2110,-7.031,51,12.314,23.031246,120.23664
2021/7/16 10:49:50,0.353,737.5,4,3.36,4.314,0,0,2110,-7.031,52,12.308,23.031246,120.23664
2021/7/16 10:49:51,0.345,725,4,3.32,4.314,0,0,2110,-7.031,52,12.257,23.031246,120.23664
2021/7/16 10:49:53,0.341,725,2,5.27,4.314,0,12.941,2110,-5.469,52,12.499,23.031246,120.23664
2021/7/16 10:49:54,0.404,1100,6,4.71,5.49,0,0,2110,-7.031,52,12.783,23.031246,120.23664
2021/7/16 10:49:56,0.38,800,2,3.49,5.098,0,0,2110,-7.031,52,12.269,23.031246,120.23664
2021/7/16 10:49:58,0.353,712.5,0,3.03,3.922,0,0,2110,-7.031,52,12.252,23.031206,120.23655
2021/7/16 10:50:00,0.329,687.5,0,3.28,3.922,0,0,2110,-7.031,52,12.155,23.031206,120.23655
2021/7/16 10:50:01,0.329,712.5,0,2.97,3.922,0,0,2110,-7.031,52,12.314,23.031206,120.23655
2021/7/16 10:50:03,0.333,700,0,3,3.922,0,0,2110,-7.031,52,12.281,23.031206,120.23655
2021/7/16 10:50:04,0.329,712.5,0,3.33,4.314,0,0,2110,-7.031,53,12.235,23.031206,120.23655
2021/7/16 10:50:06,0.337,725,0,3.37,4.314,0,0,2110,-7.031,53,12.323,23.031206,120.23655
2021/7/16 10:50:08,0.333,712.5,0,3.33,4.314,0,0,2110,-7.031,53,12.208,23.031206,120.23655
2021/7/16 10:50:09,0.333,712.5,0,3.15,4.314,0,0,2110,-7.031,53,12.212,23.031206,120.23655
2021/7/16 10:50:11,0.333,712.5,0,3.04,4.314,0,0,2110,-7.031,53,12.26,23.031206,120.23655
2021/7/16 10:50:13,0.337,712.5,0,3.26,4.314,0,0,2110,-7.031,53,12.336,23.031223,120.23653
2021/7/16 10:50:15,0.337,725,0,3.32,3.922,0,0,2110,-7.031,53,12.209,23.031223,120.23653
2021/7/16 10:50:16,0.333,700,0,3.33,4.314,0,0,2110,-7.031,53,12.249,23.031223,120.23653
2021/7/16 10:50:18,0.337,700,0,3.35,4.314,0,0,2110,-7.031,53,12.314,23.031223,120.23653
2021/7/16 10:50:19,0.361,712.5,0,3.39,4.314,0,0,2110,-7.031,53,12.63,23.031223,120.23653
2021/7/16 10:50:21,0.365,700,0,3.41,4.706,0,0,2110,-7.031,53,12.66,23.031223,120.23653
2021/7/16 10:50:23,0.376,700,0,8.78,9.412,0,14.118,2110,-5.469,53,13.233,23.031219,120.23652
2021/7/16 10:50:25,0.482,1250,4,4.56,9.804,0,0,2110,-6.25,53,13.18,23.031219,120.23652
2021/7/16 10:50:26,0.314,1075,6,9.15,9.412,0,16.863,2110,-6.25,54,13.282,23.031219,120.23652
2021/7/16 10:50:28,0.49,1600,10,13.8,11.765,0,22.353,2110,-3.125,54,13.221,23.031219,120.23652
2021/7/16 10:50:30,0.522,1850,18,15.17,15.294,0,22.353,2110,-3.125,54,13.267,23.031219,120.23652
2021/7/16 10:50:31,0.663,1675,22,2.75,3.529,0,0,2110,-7.031,55,13.275,23.031219,120.23652
2021/7/16 10:50:33,0.161,1187.5,20,2.82,3.529,0,2.745,2110,-6.25,55,13.295,23.031046,120.23623
2021/7/16 10:50:35,0.161,1225,20,11.89,4.706,0,15.294,2110,-5.469,55,13.284,23.031046,120.23623
2021/7/16 10:50:36,0.463,1462.5,22,5.71,6.667,0,7.843,2110,-6.25,55,13.272,23.031046,120.23623
2021/7/16 10:50:38,0.314,1362.5,24,4.67,8.235,0,4.706,2110,-7.031,55,13.294,23.030901,120.23598
2021/7/16 10:50:40,0.275,1275,24,12.53,14.118,0,15.686,2110,-5.469,54,13.272,23.030901,120.23598
2021/7/16 10:50:41,0.69,1462.5,28,13.71,14.51,0,15.686,2110,-5.469,54,13.303,23.030901,120.23598
2021/7/16 10:50:43,0.694,1387.5,32,5.76,6.667,0,6.275,2110,-7.031,54,13.289,23.030901,120.23598
2021/7/16 10:50:44,0.322,1237.5,32,3.7,5.098,0,0,2110,-7.031,54,13.29,23.030901,120.23598
2021/7/16 10:50:46,0.251,1012.5,30,7.77,8.235,0,11.373,2110,-7.031,54,13.295,23.030901,120.23598
2021/7/16 10:50:48,0.388,1487.5,32,2.68,3.529,0,0,2110,-7.031,54,13.156,23.030519,120.23528
2021/7/16 10:50:50,0.165,850,30,2.59,3.137,0,0,2110,-7.031,54,13.294,23.030519,120.23528
2021/7/16 10:50:51,0.196,925,30,6.47,3.137,0,12.549,2110,-7.031,54,13.273,23.030519,120.23528
2021/7/16 10:50:53,0.361,1187.5,30,3.85,5.098,0,3.922,2110,-7.031,54,13.242,23.030323,120.23492
2021/7/16 10:50:55,0.314,1200,30,2.92,6.275,0,0,2111,-7.031,54,13.273,23.030323,120.23492
2021/7/16 10:50:56,0.255,1112.5,30,2.82,3.137,0,0,2111,-7.031,54,13.284,23.030323,120.23492
2021/7/16 10:50:58,0.216,1000,28,3.74,3.137,0,0,2111,-7.031,54,12.738,23.030136,120.23456
2021/7/16 10:51:00,0.263,1012.5,26,4.34,5.098,0,5.49,2111,-7.031,54,13.094,23.030136,120.23456
2021/7/16 10:51:01,0.384,1325,28,10.49,10.588,0,14.118,2111,-5.469,53,13.233,23.030136,120.23456
2021/7/16 10:51:03,0.525,1312.5,28,11.16,11.373,0,16.863,2111,-5.469,53,13.255,23.030136,120.23456
2021/7/16 10:51:04,0.62,1462.5,34,12.27,12.941,0,17.647,2111,-5.469,53,13.273,23.030136,120.23456
2021/7/16 10:51:06,0.631,1475,36,12.51,13.333,0,18.039,2111,-5.469,53,13.276,23.030136,120.23456
2021/7/16 10:51:08,0.596,1400,40,3.82,4.706,0,0,2111,-6.25,53,13.27,23.029726,120.2338
2021/7/16 10:51:10,0.208,1237.5,38,3.75,4.706,0,3.529,2111,-6.25,53,13.304,23.029726,120.2338
2021/7/16 10:51:11,0.216,1262.5,36,3.81,4.706,0,4.314,2111,-6.25,53,13.278,23.029726,120.2338
2021/7/16 10:51:13,0.227,1250,36,3.86,7.451,0,4.706,2111,-6.25,53,13.432,23.029463,120.23335
2021/7/16 10:51:15,0.392,1262.5,36,2.89,3.529,0,1.176,2111,-6.25,53,14.608,23.029463,120.23335
2021/7/16 10:51:16,0.157,1250,36,4.53,4.314,0,7.451,2111,-6.25,53,13.264,23.029463,120.23335
2021/7/16 10:51:18,0.231,1275,36,2.73,3.922,0,0,2111,-6.25,53,14.731,23.029463,120.23335
2021/7/16 10:51:19,0.18,1262.5,36,4.64,5.49,0,0,2111,-6.25,53,14.686,23.029463,120.23335
2021/7/16 10:51:21,0.271,1100,32,4.18,5.098,0,3.529,2111,-6.25,53,13.117,23.029463,120.23335
2021/7/16 10:51:23,0.227,1262.5,32,7.93,5.882,0,12.157,2111,-6.25,53,13.298,23.029463,120.23335
2021/7/16 10:51:24,0.404,1412.5,32,3.6,3.922,0,0,2111,-6.25,53,13.563,23.029463,120.23335
2021/7/16 10:51:26,0.216,950,32,6.44,5.098,0,12.549,2111,-6.25,53,13.278,23.029463,120.23335
2021/7/16 10:51:28,0.408,1400,32,4.1,10.98,0,0,2111,-6.25,53,13.233,23.029463,120.23335
2021/7/16 10:51:29,0.357,1075,32,6.85,7.451,0,8.627,2111,-6.25,53,13.286,23.029463,120.23335
2021/7/16 10:51:31,0.369,1350,32,3.79,9.02,0,0,2111,-6.25,53,13.208,23.029463,120.23335
2021/7/16 10:51:32,0.314,887.5,30,3.52,4.706,0,0,2111,-7.031,53,12.605,23.029463,120.23335
2021/7/16 10:51:34,0.239,987.5,30,5.46,4.314,0,12.157,2111,-6.25,53,13.242,23.029463,120.23335
2021/7/16 10:51:36,0.247,1700,30,9.8,10.588,0,14.118,2111,-6.25,52,13.227,23.029463,120.23335
2021/7/16 10:51:37,0.518,1325,32,2.77,3.529,0,0,2111,-6.25,52,14.759,23.029463,120.23335
2021/7/16 10:51:39,0.173,1237.5,32,2.78,3.529,0,0,2111,-6.25,53,14.638,23.029463,120.23335
2021/7/16 10:51:41,0.267,1025,26,4.31,5.882,0,0,2111,-6.25,53,14.231,23.028208,120.23124
2021/7/16 10:51:43,0.282,1012.5,22,3.96,5.098,0,0,2111,-6.25,53,13.337,23.028208,120.23124
2021/7/16 10:51:44,0.286,1000,20,3.42,4.706,0,0,2111,-6.25,53,12.675,23.028208,120.23124
2021/7/16 10:51:46,0.255,887.5,10,3.27,4.314,0,0,2111,-7.031,53,12.39,23.028069,120.23099
2021/7/16 10:51:48,0.31,750,6,3.14,4.314,0,0,2111,-7.031,53,12.309,23.028069,120.23099
2021/7/16 10:51:49,0.329,712.5,0,3.14,3.922,0,0,2111,-7.031,53,12.292,23.028069,120.23099
2021/7/16 10:51:51,0.322,700,0,2.97,3.922,0,0,2111,-7.031,53,12.188,23.028069,120.23099
2021/7/16 10:51:52,0.325,712.5,0,3.25,3.922,0,0,2111,-7.031,53,12.3,23.028069,120.23099
2021/7/16 10:51:54,0.322,725,0,8.53,7.451,0,16.863,2111,-5.469,53,13.248,23.028069,120.23099
2021/7/16 10:51:56,0.478,1262.5,4,13.54,10.588,0,28.627,2111,-3.125,53,12.931,23.028069,120.23099
2021/7/16 10:51:57,0.757,1912.5,16,20.45,20.392,0,27.843,2111,-3.125,53,12.285,23.028069,120.23099
2021/7/16 10:51:59,0.745,2025,22,3.59,4.706,0,0,2111,-6.25,53,12.269,23.028069,120.23099
2021/7/16 10:52:01,0.204,1012.5,18,2.6,3.137,0,0,2111,-7.031,54,12.292,23.027842,120.23071
2021/7/16 10:52:03,0.196,912.5,10,2.59,3.137,0,0,2111,-7.031,54,12.28,23.027842,120.23071
2021/7/16 10:52:04,0.259,687.5,0,2.34,2.745,0,0,2111,-7.031,54,12.249,23.027842,120.23071
2021/7/16 10:52:06,0.247,687.5,0,2.18,2.745,0,0,2111,-7.031,54,12.254,23.027842,120.23071
2021/7/16 10:52:07,0.239,700,0,3.39,4.706,0,0,2111,-7.031,54,12.206,23.027842,120.23071
2021/7/16 10:52:09,0.365,725,0,3.05,4.314,0,0,2111,-7.031,54,12.303,23.027842,120.23071
2021/7/16 10:52:11,0.333,700,0,3.33,4.314,0,0,2111,-7.031,54,12.2,23.027798,120.23066
2021/7/16 10:52:13,0.333,700,0,3,3.922,0,0,2111,-7.031,54,12.385,23.027798,120.23066
2021/7/16 10:52:14,0.333,700,0,3.42,4.314,0,0,2111,-7.031,54,12.302,23.027798,120.23066
2021/7/16 10:52:16,0.337,712.5,0,3.44,4.314,0,0,2111,-7.031,54,12.36,23.027798,120.23066
2021/7/16 10:52:17,0.341,712.5,0,3.42,4.314,0,0,2111,-7.031,54,12.22,23.027798,120.23066
2021/7/16 10:52:19,0.341,712.5,0,3.43,4.314,0,0,2111,-7.031,54,12.235,23.027798,120.23066
2021/7/16 10:52:21,0.337,700,0,3.32,4.314,0,0,2111,-7.031,54,12.314,23.027824,120.23067
2021/7/16 10:52:23,0.361,712.5,0,3.33,4.706,0,0,2111,-7.031,54,12.498,23.027824,120.23067
2021/7/16 10:52:24,0.369,700,0,3.34,4.706,0,0,2111,-7.031,54,12.789,23.027824,120.23067
2021/7/16 10:52:26,0.38,700,0,3.93,4.706,0,0,2111,-7.031,54,12.866,23.027824,120.23067
2021/7/16 10:52:27,0.4,725,0,3.6,5.098,0,0,2111,-7.031,54,12.761,23.027824,120.23067
2021/7/16 10:52:29,0.404,712.5,0,3.94,4.706,0,0,2111,-7.031,55,12.999,23.027824,120.23067
2021/7/16 10:52:31,0.404,712.5,0,3.69,5.098,0,0,2111,-7.031,55,13.173,23.027824,120.23067
2021/7/16 10:52:32,0.416,712.5,0,4.06,5.098,0,0,2111,-7.031,55,13.107,23.027824,120.23067
2021/7/16 10:52:34,0.416,712.5,0,3.74,5.098,0,0,2111,-7.031,55,13.081,23.027824,120.23067
2021/7/16 10:52:36,0.408,712.5,0,3.6,4.706,0,0,2111,-7.031,55,13.305,23.027782,120.23067
2021/7/16 10:52:38,0.4,700,0,3.73,4.706,0,0,2111,-7.031,55,13.391,23.027782,120.23067
2021/7/16 10:52:39,0.4,712.5,0,3.63,4.706,0,0,2111,-7.031,55,13.385,23.027782,120.23067
2021/7/16 10:52:41,0.396,700,0,3.83,4.706,0,0,2111,-7.031,55,13.128,23.027767,120.23067
2021/7/16 10:52:43,0.392,712.5,0,3.56,4.706,0,0,2111,-7.031,55,13.361,23.027767,120.23067
2021/7/16 10:52:44,0.392,712.5,0,3.64,4.706,0,0,2111,-7.031,55,13.09,23.027767,120.23067
2021/7/16 10:52:46,0.392,700,0,3.66,4.706,0,2.353,2111,-7.031,55,13.316,23.027758,120.23069
2021/7/16 10:52:48,0.392,712.5,0,6.58,6.275,0,12.941,2111,-6.25,55,13.303,23.027758,120.23069
2021/7/16 10:52:49,0.553,1350,8,12.84,12.941,0,23.529,2111,-3.125,56,13.334,23.027758,120.23069
2021/7/16 10:52:51,0.62,1675,12,17.44,14.902,0,27.451,2111,-3.125,56,13.318,23.027719,120.23064
2021/7/16 10:52:53,0.722,1737.5,24,18.06,20.392,0,24.706,2111,-3.125,56,13.316,23.027719,120.23064
2021/7/16 10:52:54,0.796,1737.5,28,17.01,20.392,0,21.961,2111,-3.125,56,13.321,23.027719,120.23064
2021/7/16 10:52:56,0.784,1450,34,2.95,4.706,0,4.314,2111,-6.25,56,13.312,23.027573,120.2303
2021/7/16 10:52:58,0.153,1512.5,34,7.22,6.667,0,10.588,2111,-6.25,57,13.312,23.027573,120.2303
2021/7/16 10:52:59,0.294,1212.5,34,2.82,3.529,0,0,2111,-6.25,57,14.802,23.027573,120.2303
2021/7/16 10:53:01,0.169,1212.5,34,2.94,3.529,0,0,2111,-6.25,57,14.761,23.027573,120.2303
2021/7/16 10:53:02,0.161,1237.5,32,8.51,9.02,0,12.941,2111,-4.688,57,13.326,23.027573,120.2303
2021/7/16 10:53:04,0.69,1337.5,32,15.81,17.647,0,17.647,2111,-4.688,56,13.334,23.027573,120.2303
2021/7/16 10:53:06,0.757,1350,36,12.74,13.333,0,16.471,2111,-4.688,55,13.327,23.02709,120.22952
2021/7/16 10:53:08,0.737,1387.5,38,4.02,15.294,0,0,2111,-6.25,55,13.323,23.02709,120.22952
2021/7/16 10:53:09,0.31,1287.5,36,4.59,5.49,0,8.627,2111,-6.25,55,13.3,23.02709,120.22952
2021/7/16 10:53:11,0.537,1250,38,10.97,12.941,0,12.941,2111,-4.688,54,13.333,23.026791,120.22912
2021/7/16 10:53:13,0.659,1287.5,38,9.82,11.373,0,13.333,2111,-5.469,54,13.347,23.026791,120.22912
2021/7/16 10:53:14,0.702,1300,42,11.91,14.118,0,15.686,2111,-5.469,54,13.34,23.026791,120.22912
2021/7/16 10:53:16,0.663,1362.5,44,12.37,14.118,0,16.078,2111,-5.469,53,13.316,23.026466,120.22868
2021/7/16 10:53:18,0.694,1387.5,46,13.01,14.51,0,15.686,2111,-5.469,53,13.315,23.026466,120.22868
2021/7/16 10:53:19,0.706,1362.5,48,4.04,12.157,0,0,2111,-6.25,53,14.803,23.026466,120.22868
2021/7/16 10:53:21,0.231,1237.5,46,3.94,4.706,0,0,2111,-6.25,53,14.796,23.026091,120.22819
2021/7/16 10:53:23,0.22,1262.5,44,3.88,4.706,0,0,2111,-6.25,53,14.729,23.026091,120.22819
2021/7/16 10:53:24,0.216,1262.5,42,4.01,4.706,0,0,2111,-6.25,53,14.789,23.026091,120.22819
2021/7/16 10:53:26,0.212,1275,40,3.93,4.706,0,0,2111,-6.25,53,14.777,23.025745,120.22773
2021/7/16 10:53:28,0.212,1250,36,3.75,4.706,0,0,2111,-6.25,53,14.751,23.025745,120.22773
2021/7/16 10:53:29,0.216,1237.5,34,2.9,4.706,0,0,2111,-6.25,53,14.709,23.025745,120.22773
2021/7/16 10:53:31,0.169,1187.5,24,4.61,5.098,0,0,2111,-6.25,53,14.369,23.025745,120.22773
2021/7/16 10:53:32,0.298,1137.5,16,4.29,5.49,0,0,2111,-7.031,53,13.509,23.025745,120.22773
2021/7/16 10:53:34,0.318,950,6,3.59,4.706,0,0,2111,-7.031,53,12.821,23.025745,120.22773
2021/7/16 10:53:36,0.349,762.5,0,3.11,4.314,0,0,2111,-7.031,53,12.363,23.025387,120.22721
2021/7/16 10:53:38,0.325,712.5,0,2.86,3.922,0,0,2111,-7.031,54,12.339,23.025387,120.22721
2021/7/16 10:53:39,0.31,712.5,0,3.12,3.922,0,0,2111,-7.031,54,12.27,23.025387,120.22721
2021/7/16 10:53:41,0.306,687.5,0,3.08,3.922,0,0,2111,-7.031,54,12.283,23.025387,120.22721
2021/7/16 10:53:42,0.318,687.5,0,2.88,3.922,0,0,2111,-7.031,54,12.297,23.025387,120.22721
2021/7/16 10:53:44,0.318,712.5,0,2.92,3.922,0,0,2111,-7.031,54,12.275,23.025387,120.22721
2021/7/16 10:53:46,0.322,712.5,0,3.21,3.922,0,0,2111,-7.031,54,12.207,23.025387,120.22717
2021/7/16 10:53:48,0.325,712.5,0,3.1,3.922,0,0,2111,-7.031,54,12.3,23.025387,120.22717
2021/7/16 10:53:49,0.325,712.5,0,3.07,3.922,0,0,2111,-7.031,54,12.289,23.025387,120.22717
2021/7/16 10:53:51,0.325,712.5,0,3.16,3.922,0,0,2111,-7.031,54,12.225,23.025387,120.22717
2021/7/16 10:53:52,0.325,712.5,0,3.11,3.922,0,0,2111,-7.031,54,12.231,23.025387,120.22717
2021/7/16 10:53:54,0.333,700,0,3.11,3.922,0,0,2111,-7.031,55,12.211,23.025387,120.22717
2021/7/16 10:53:56,0.451,1025,2,7.34,7.451,0,15.294,2111,-6.25,55,12.969,23.025394,120.22715
2021/7/16 10:53:58,0.435,1300,6,12.09,10.196,0,19.216,2111,-5.469,55,13.206,23.025394,120.22715
2021/7/16 10:53:59,0.494,1500,14,4.13,5.49,0,0,2111,-6.25,55,13.03,23.025394,120.22715
2021/7/16 10:54:01,0.247,925,14,3.61,5.098,0,0,2111,-7.031,55,12.45,23.025394,120.22715
2021/7/16 10:54:02,0.263,937.5,12,3.31,4.314,0,0,2111,-7.031,55,12.287,23.025394,120.22715
2021/7/16 10:54:04,0.259,937.5,8,3.27,4.314,0,0,2111,-7.031,56,12.235,23.025394,120.22715
2021/7/16 10:54:06,0.282,750,2,2.81,3.529,0,0,2111,-7.031,56,12.172,23.025394,120.22715
2021/7/16 10:54:07,0.271,737.5,2,2.48,3.137,0,0,2111,-7.031,56,12.249,23.025394,120.22715
2021/7/16 10:54:09,0.267,687.5,0,2.42,3.137,0,0,2111,-7.031,56,12.308,23.025394,120.22715
2021/7/16 10:54:11,0.255,687.5,0,3.61,3.529,0,0,2111,-7.031,56,12.336,23.025358,120.22692
2021/7/16 10:54:13,0.376,725,0,3.59,4.706,0,0,2111,-7.031,56,12.451,23.025358,120.22692
2021/7/16 10:54:14,0.357,700,0,3.49,4.314,0,0,2111,-7.031,56,12.501,23.025358,120.22692
2021/7/16 10:54:16,0.357,700,0,3.4,4.706,0,0,2111,-7.031,56,12.406,23.025358,120.22692
2021/7/16 10:54:17,0.373,700,0,3.47,4.706,0,0,2111,-7.031,56,12.741,23.025358,120.22692
2021/7/16 10:54:19,0.38,712.5,0,8.59,10.588,0,16.863,2111,-5.469,56,13.193,23.025358,120.22692
2021/7/16 10:54:21,0.522,1425,6,14.35,12.157,0,23.922,2111,-3.125,56,13.272,23.0254,120.22683
2021/7/16 10:54:23,0.624,1712.5,18,16.52,17.647,0,24.314,2111,-3.125,57,13.269,23.0254,120.22683
2021/7/16 10:54:24,0.757,1687.5,24,17.84,19.216,0,24.314,2111,-3.125,56,13.26,23.0254,120.22683
2021/7/16 10:54:26,0.808,1687.5,34,16.43,18.824,0,20.392,2111,-3.906,56,13.243,23.025579,120.22659
2021/7/16 10:54:28,0.765,1637.5,38,16.57,18.431,0,20.392,2111,-3.906,55,13.246,23.025579,120.22659
2021/7/16 10:54:29,0.792,1475,42,3.38,4.314,0,4.706,2112,-6.25,55,13.239,23.025579,120.22659
2021/7/16 10:54:31,0.239,1225,42,9.87,8.627,0,12.941,2112,-5.469,55,13.286,23.025969,120.22629
2021/7/16 10:54:33,0.596,1275,44,4.77,5.882,0,0,2112,-6.25,55,14.738,23.025969,120.22629
2021/7/16 10:54:34,0.275,1262.5,42,4.56,5.49,0,0,2112,-6.25,55,14.736,23.025969,120.22629
2021/7/16 10:54:36,0.251,1275,38,4.04,5.098,0,0,2112,-6.25,55,14.727,23.026392,120.22594
2021/7/16 10:54:38,0.224,1262.5,36,3.88,5.098,0,0,2112,-6.25,55,14.551,23.026392,120.22594
2021/7/16 10:54:39,0.22,1250,36,3.51,5.49,0,0,2112,-6.25,55,13.295,23.026392,120.22594
2021/7/16 10:54:41,0.2,1225,32,3.58,4.706,0,0,2112,-6.25,55,13.289,23.026758,120.22564
2021/7/16 10:54:43,0.243,950,30,3.73,4.706,0,0,2112,-7.031,55,13.237,23.026758,120.22564
2021/7/16 10:54:44,0.235,1062.5,30,2.44,3.529,0,2.353,2112,-7.031,55,12.833,23.026758,120.22564
2021/7/16 10:54:46,0.161,850,30,2.69,3.137,0,0,2112,-6.25,55,12.661,23.027079,120.22541
2021/7/16 10:54:48,0.173,1100,28,3.22,3.137,0,11.765,2112,-6.25,55,13.153,23.027079,120.22541
2021/7/16 10:54:49,0.329,1475,28,10.05,10.196,0,5.098,2112,-6.25,55,13.3,23.027079,120.22541
2021/7/16 10:54:51,0.29,912.5,30,3.68,5.098,0,1.569,2112,-6.25,55,12.572,23.027411,120.22525
2021/7/16 10:54:53,0.263,1137.5,30,11.34,5.49,0,17.647,2112,-3.906,54,13.25,23.027411,120.22525
2021/7/16 10:54:54,0.494,1562.5,32,11,13.333,0,0,2112,-6.25,54,14.107,23.027411,120.22525
2021/7/16 10:54:56,0.267,1362.5,32,4.53,3.529,0,14.118,2112,-6.25,54,13.267,23.027773,120.2251
2021/7/16 10:54:58,0.165,1325,34,5.57,6.667,0,6.667,2112,-6.25,54,13.242,23.027773,120.2251
2021/7/16 10:54:59,0.341,1237.5,34,10.53,9.804,0,12.941,2112,-5.469,53,13.277,23.027773,120.2251
2021/7/16 10:55:01,0.639,1275,36,3.77,4.706,0,2.745,2112,-6.25,54,13.253,23.028181,120.22493
2021/7/16 10:55:03,0.216,1237.5,34,3.96,5.098,0,0,2112,-6.25,54,13.258,23.028181,120.22493
2021/7/16 10:55:04,0.22,1137.5,32,3.37,4.314,0,0,2112,-6.25,54,12.562,23.028181,120.22493
2021/7/16 10:55:06,0.235,1025,28,3.05,4.314,0,0,2112,-6.25,54,12.452,23.028181,120.22493
2021/7/16 10:55:07,0.212,975,24,2.59,3.137,0,0,2112,-6.25,54,12.37,23.028181,120.22493
2021/7/16 10:55:09,0.169,1050,18,2.55,3.137,0,0,2112,-6.25,54,12.372,23.028181,120.22493
2021/7/16 10:55:11,0.165,987.5,16,2.61,3.137,0,0,2112,-6.25,54,12.312,23.02886,120.22466
2021/7/16 10:55:13,0.176,937.5,10,3.95,4.706,0,0,2112,-7.031,54,12.296,23.02886,120.22466
2021/7/16 10:55:14,0.341,775,6,3.69,4.706,0,0,2112,-7.031,54,12.265,23.02886,120.22466
2021/7/16 10:55:16,0.353,725,0,3.25,4.314,0,0,2112,-7.031,54,12.248,23.028959,120.22461
2021/7/16 10:55:18,0.337,687.5,0,3.08,3.922,0,0,2112,-7.031,54,12.237,23.028959,120.22461
2021/7/16 10:55:19,0.329,687.5,0,3.06,3.922,0,0,2112,-7.031,54,12.248,23.028959,120.22461
2021/7/16 10:55:21,0.329,700,0,3.04,4.314,0,0,2112,-7.031,54,12.252,23.028961,120.2246
2021/7/16 10:55:23,0.337,700,2,3.06,4.314,0,0,2112,-7.031,54,12.27,23.028961,120.2246
2021/7/16 10:55:24,0.337,712.5,0,3.03,4.314,0,0,2112,-7.031,54,12.339,23.028961,120.2246
2021/7/16 10:55:26,0.337,700,0,3.15,4.314,0,0,2112,-7.031,55,12.414,23.02898,120.22459
2021/7/16 10:55:28,0.353,712.5,0,3.56,4.314,0,0,2112,-7.031,55,12.422,23.02898,120.22459
2021/7/16 10:55:29,0.365,700,0,3.39,4.706,0,0,2112,-7.031,55,12.479,23.02898,120.22459
2021/7/16 10:55:31,0.376,712.5,0,3.75,4.706,0,0,2112,-7.031,55,12.602,23.02898,120.22459
2021/7/16 10:55:32,0.376,712.5,0,3.46,4.706,0,0,2112,-7.031,55,12.902,23.02898,120.22459
2021/7/16 10:55:34,0.388,712.5,0,3.84,4.706,0,0,2112,-7.031,55,12.922,23.02898,120.22459
2021/7/16 10:55:36,0.388,712.5,0,3.63,4.706,0,0,2112,-7.031,55,13.022,23.02898,120.22459
2021/7/16 10:55:37,0.4,712.5,0,3.76,4.706,0,0,2112,-7.031,55,13.287,23.02898,120.22459
2021/7/16 10:55:39,0.4,712.5,0,3.7,4.706,0,0,2112,-7.031,55,13.277,23.02898,120.22459
2021/7/16 10:55:41,0.4,725,0,3.83,4.706,0,0,2112,-7.031,55,13.421,23.028997,120.22459
2021/7/16 10:55:43,0.4,700,0,3.52,4.706,0,0,2112,-7.031,55,13.316,23.028997,120.22459
2021/7/16 10:55:44,0.388,700,0,3.58,4.706,0,0,2112,-7.031,56,13.107,23.028997,120.22459
2021/7/16 10:55:46,0.388,700,0,3.7,4.706,0,0,2112,-7.031,56,13.361,23.028997,120.22459
2021/7/16 10:55:47,0.388,712.5,0,3.7,4.706,0,0,2112,-7.031,56,13.152,23.028997,120.22459
2021/7/16 10:55:49,0.384,700,0,3.43,4.706,0,0,2112,-7.031,56,13.298,23.028997,120.22459
2021/7/16 10:55:51,0.384,712.5,0,3.74,4.706,0,0,2112,-7.031,56,13.249,23.028997,120.22459
2021/7/16 10:55:52,0.373,737.5,0,3.53,4.706,0,0,2112,-7.031,56,13.101,23.028997,120.22459
2021/7/16 10:55:54,0.373,700,0,3.44,4.706,0,0,2112,-7.031,56,13.096,23.028997,120.22459
2021/7/16 10:55:55,0.38,700,0,3.71,4.706,0,0,2112,-7.031,56,13.108,23.028997,120.22459
2021/7/16 10:55:57,0.38,700,0,3.55,4.706,0,0,2112,-7.031,56,13.276,23.028997,120.22459
2021/7/16 10:55:59,0.388,700,0,3.69,4.706,0,0,2112,-7.031,56,13.341,23.028997,120.22459
2021/7/16 10:56:00,0.392,725,0,8.74,4.706,0,18.824,2112,-5.469,56,13.281,23.028997,120.22459
2021/7/16 10:56:02,0.522,1450,6,11.44,12.157,0,20.392,2112,-4.688,56,13.36,23.028997,120.22459
2021/7/16 10:56:04,0.604,1600,12,12.74,12.941,0,19.216,2112,-4.688,56,13.3,23.028997,120.22459
2021/7/16 10:56:05,0.596,1325,18,7.34,7.451,0,11.373,2112,-6.25,57,13.352,23.028997,120.22459
2021/7/16 10:56:07,0.439,1475,18,6.1,11.765,0,1.961,2112,-6.25,57,13.334,23.028997,120.22459
2021/7/16 10:56:08,0.408,1250,20,3.37,3.529,0,6.667,2112,-6.25,57,13.35,23.028997,120.22459
2021/7/16 10:56:10,0.255,1262.5,18,16.77,5.882,0,26.275,2112,-4.688,57,13.273,23.028997,120.22459
2021/7/16 10:56:12,0.89,2050,28,2.71,4.314,0,0.392,2112,-6.25,57,13.667,23.029404,120.22454
2021/7/16 10:56:14,0.129,1512.5,28,17.68,7.843,0,10.98,2112,-6.25,56,12.919,23.029404,120.22454
2021/7/16 10:56:15,0.616,1312.5,28,5.97,5.882,0,4.314,2112,-6.25,56,13.273,23.029404,120.22454
2021/7/16 10:56:17,0.31,1375,28,20.11,11.373,0,44.314,2112,-2.344,56,12.628,23.029671,120.22481
2021/7/16 10:56:19,0.741,2337.5,34,14.62,21.961,0,0,2112,-6.25,55,12.423,23.029671,120.22481
2021/7/16 10:56:20,0.125,1812.5,36,3.71,4.314,0,0,2112,-7.031,55,12.366,23.029671,120.22481
2021/7/16 10:56:22,0.188,950,26,3.33,4.314,0,0,2112,-7.031,55,12.271,23.029964,120.22513
2021/7/16 10:56:24,0.259,950,20,2.61,4.314,0,0,2112,-6.25,55,12.319,23.029964,120.22513
2021/7/16 10:56:25,0.204,725,6,2.78,3.137,0,0,2112,-7.031,55,12.315,23.029964,120.22513
2021/7/16 10:56:27,0.267,700,0,2.73,3.137,0,0,2112,-7.031,55,12.277,23.030113,120.22529
2021/7/16 10:56:29,0.267,712.5,0,2.25,2.745,0,0,2112,-7.031,55,12.269,23.030113,120.22529
2021/7/16 10:56:30,0.247,687.5,0,4.14,4.706,0,0,2112,-7.031,55,12.272,23.030113,120.22529
2021/7/16 10:56:32,0.38,737.5,0,3.61,4.314,0,0,2112,-7.031,55,12.357,23.030121,120.2253
2021/7/16 10:56:34,0.345,725,0,3.15,4.314,0,0,2112,-7.031,55,12.178,23.030121,120.2253
2021/7/16 10:56:35,0.337,687.5,0,3.05,3.922,0,0,2112,-7.031,55,12.257,23.030121,120.2253
2021/7/16 10:56:37,0.333,687.5,0,3.08,4.314,0,0,2112,-7.031,55,12.317,23.03013,120.2253
2021/7/16 10:56:39,0.337,700,0,3.32,4.314,0,0,2112,-7.031,55,12.783,23.03013,120.2253
2021/7/16 10:56:40,0.541,1100,0,8.82,7.843,0,23.137,2112,-4.688,55,13.253,23.03013,120.2253
2021/7/16 10:56:42,0.596,1475,6,32.84,21.961,0,30.98,2112,-2.344,56,13.288,23.030153,120.22532
2021/7/16 10:56:44,0.878,2412.5,22,26.42,25.49,0,28.235,2112,-2.344,56,13.304,23.030153,120.22532
2021/7/16 10:56:45,0.718,2337.5,28,19.04,20,0,16.863,2112,-4.688,56,13.28,23.030153,120.22532
2021/7/16 10:56:47,0.682,1500,34,15.57,16.863,0,24.706,2112,-4.688,56,13.311,23.030355,120.22556
2021/7/16 10:56:49,0.875,1600,36,17.83,23.529,0,20.784,2112,-4.688,56,13.307,23.030355,120.22556
2021/7/16 10:56:50,0.8,1525,42,13.47,14.902,0,16.471,2112,-4.688,55,13.309,23.030355,120.22556
2021/7/16 10:56:52,0.624,1375,44,2.87,3.529,0,0,2112,-6.25,56,14.755,23.030708,120.22593
2021/7/16 10:56:54,0.157,1275,40,3.06,3.922,0,0,2112,-6.25,56,14.814,23.030708,120.22593
2021/7/16 10:56:55,0.161,1250,34,2.93,3.529,0,0,2112,-6.25,56,14.596,23.030708,120.22593
2021/7/16 10:56:57,0.165,1300,30,14.42,12.549,0,37.647,2112,-4.688,56,13.304,23.03105,120.2263
2021/7/16 10:56:59,0.82,2337.5,32,38.43,47.843,0,60.784,2112,-3.906,54,13.323,23.03105,120.2263
2021/7/16 10:57:00,0.871,3150,44,42.05,59.608,0,60,2112,-2.344,52,13.323,23.03105,120.2263
2021/7/16 10:57:02,0.847,3537.5,50,49.26,51.373,0,36.863,2112,-2.344,51,13.326,23.031393,120.22665
2021/7/16 10:57:04,0.831,3700,60,18.68,18.431,0,21.176,2112,-4.688,50,13.27,23.031393,120.22665
2021/7/16 10:57:05,0.773,1650,62,3.35,19.216,0,1.961,2112,-6.25,51,14.483,23.031393,120.22665
2021/7/16 10:57:07,0.224,1225,60,2.69,3.529,0,0,2112,-6.25,51,14.771,23.031916,120.22721
2021/7/16 10:57:09,0.153,1237.5,58,2.64,3.529,0,0,2112,-6.25,52,14.745,23.031916,120.22721
2021/7/16 10:57:10,0.149,1237.5,56,2.71,3.529,0,0,2112,-6.25,52,14.742,23.031916,120.22721
2021/7/16 10:57:12,0.239,1212.5,46,4.11,5.882,0,0,2112,-6.25,52,14.452,23.032434,120.22774
2021/7/16 10:57:14,0.251,1125,44,3.72,4.706,0,0,2112,-6.25,52,13.619,23.032434,120.22774
2021/7/16 10:57:15,0.263,987.5,40,3.26,4.314,0,0,2112,-6.25,52,12.919,23.032434,120.22774
2021/7/16 10:57:17,0.239,1000,40,3.04,3.922,0,0,2112,-6.25,52,12.539,23.032824,120.22814
2021/7/16 10:57:19,0.22,925,36,2.9,3.922,0,4.314,2112,-7.031,53,12.342,23.032824,120.22814
2021/7/16 10:57:20,0.247,1175,36,9.72,5.882,0,13.725,2112,-4.688,52,13.235,23.032824,120.22814
2021/7/16 10:57:22,0.769,1562.5,36,15.55,18.431,0,19.216,2112,-4.688,52,13.261,23.033176,120.22847
2021/7/16 10:57:24,0.788,1575,38,4,16.471,0,0,2113,-6.25,52,13.26,23.033176,120.22847
2021/7/16 10:57:25,0.545,1237.5,40,11.77,14.118,0,16.078,2113,-4.688,52,13.254,23.033176,120.22847
2021/7/16 10:57:27,0.714,1350,42,4.42,14.902,0,0,2113,-6.25,52,14.687,23.033567,120.22884
2021/7/16 10:57:29,0.698,1237.5,42,2.8,3.529,0,0,2113,-6.25,52,14.759,23.033567,120.22884
2021/7/16 10:57:30,0.153,1212.5,38,2.64,3.529,0,0,2113,-6.25,53,14.75,23.033567,120.22884
2021/7/16 10:57:32,0.149,1262.5,34,3.67,3.922,0,5.49,2113,-6.25,53,13.278,23.033947,120.2292
2021/7/16 10:57:34,0.2,1262.5,34,3.58,5.49,0,0,2113,-6.25,53,14.732,23.033947,120.2292
2021/7/16 10:57:35,0.192,1212.5,32,5.11,5.098,0,9.412,2113,-6.25,53,13.293,23.033947,120.2292
2021/7/16 10:57:37,0.369,1475,32,15.22,12.157,0,24.706,2113,-5.469,52,13.264,23.034267,120.2295
2021/7/16 10:57:39,0.635,1587.5,36,9.79,10.196,0,13.333,2113,-4.688,52,13.252,23.034267,120.2295
2021/7/16 10:57:40,0.588,1325,36,5.56,12.941,0,0,2113,-6.25,52,13.271,23.034267,120.2295
2021/7/16 10:57:42,0.384,1237.5,36,14.54,9.412,0,19.608,2113,-4.688,53,13.266,23.034618,120.22982
2021/7/16 10:57:44,0.812,1462.5,38,14.45,17.647,0,16.863,2113,-4.688,52,13.273,23.034618,120.22982
2021/7/16 10:57:45,0.678,1512.5,44,9.44,12.941,0,0,2113,-6.25,53,13.591,23.034618,120.22982
2021/7/16 10:57:47,0.2,1325,44,7.81,7.451,0,10.98,2113,-6.25,53,13.225,23.034998,120.23019
2021/7/16 10:57:49,0.447,1187.5,44,2.72,3.137,0,0,2113,-6.25,53,14.71,23.034998,120.23019
2021/7/16 10:57:50,0.204,1187.5,44,4.35,5.49,0,0,2113,-6.25,53,14.687,23.034998,120.23019
2021/7/16 10:57:52,0.251,1200,42,3.83,4.706,0,0,2113,-6.25,53,14.71,23.035402,120.23061
2021/7/16 10:57:54,0.216,1225,38,3.92,4.706,0,0,2113,-6.25,53,14.734,23.035402,120.23061
2021/7/16 10:57:55,0.216,1250,38,2.87,4.706,0,0,2113,-6.25,53,14.751,23.035402,120.23061
2021/7/16 10:57:57,0.176,1175,26,4.66,7.059,0,0,2113,-6.25,53,14.244,23.035744,120.23098
2021/7/16 10:57:59,0.278,1137.5,18,3.88,5.49,0,0,2113,-7.031,53,13.701,23.035744,120.23098
2021/7/16 10:58:00,0.353,812.5,8,3.79,4.706,0,0,2113,-7.031,53,12.939,23.035744,120.23098
2021/7/16 10:58:02,0.353,787.5,6,3.36,4.314,0,0,2113,-7.031,53,12.536,23.035744,120.23098
2021/7/16 10:58:03,0.318,762.5,6,2.98,3.922,0,0,2113,-7.031,53,12.378,23.035744,120.23098
2021/7/16 10:58:05,0.314,712.5,4,3.12,3.922,0,0,2113,-7.031,53,12.257,23.035744,120.23098
2021/7/16 10:58:07,0.322,700,0,2.99,3.922,0,0,2113,-7.031,53,12.288,23.035927,120.23116
2021/7/16 10:58:09,0.318,687.5,0,2.89,3.922,0,0,2113,-7.031,53,12.336,23.035927,120.23116
2021/7/16 10:58:10,0.318,712.5,0,2.9,3.922,0,0,2113,-7.031,53,12.272,23.035927,120.23116
2021/7/16 10:58:12,0.318,712.5,0,3.04,3.922,0,0,2113,-7.031,54,12.228,23.035925,120.23116
2021/7/16 10:58:14,0.322,700,0,3.25,3.922,0,0,2113,-7.031,54,12.231,23.035925,120.23116
2021/7/16 10:58:15,0.325,700,0,3.25,3.922,0,0,2113,-7.031,54,12.249,23.035925,120.23116
2021/7/16 10:58:17,0.325,712.5,0,2.98,3.922,0,0,2113,-7.031,54,12.234,23.035921,120.23116
2021/7/16 10:58:19,0.329,712.5,0,3.22,3.922,0,0,2113,-7.031,54,12.259,23.035921,120.23116
2021/7/16 10:58:20,0.329,712.5,0,3.04,3.922,0,0,2113,-7.031,54,12.255,23.035921,120.23116
2021/7/16 10:58:22,0.329,700,0,3.36,3.922,0,0,2113,-7.031,54,12.246,23.035919,120.23116
2021/7/16 10:58:24,0.333,712.5,0,3.02,3.922,0,0,2113,-7.031,54,12.275,23.035919,120.23116
2021/7/16 10:58:25,0.333,700,0,3.02,3.922,0,0,2113,-7.031,54,12.275,23.035919,120.23116
2021/7/16 10:58:27,0.337,712.5,0,3.35,3.922,0,0,2113,-7.031,54,12.225,23.035917,120.23117
2021/7/16 10:58:29,0.337,700,0,3.25,3.922,0,0,2113,-7.031,55,12.286,23.035917,120.23117
2021/7/16 10:58:30,0.337,700,0,3.38,4.314,0,0,2113,-7.031,55,12.262,23.035917,120.23117
2021/7/16 10:58:32,0.337,700,0,3.28,4.314,0,0,2113,-7.031,55,12.14,23.035917,120.23118
2021/7/16 10:58:34,0.341,712.5,0,3.22,4.314,0,0,2113,-7.031,55,12.314,23.035917,120.23118
2021/7/16 10:58:35,0.353,712.5,0,3.46,4.314,0,0,2113,-7.031,55,12.577,23.035917,120.23118
2021/7/16 10:58:37,0.361,712.5,0,3.3,4.314,0,0,2113,-7.031,55,12.68,23.035921,120.23119
2021/7/16 10:58:39,0.369,700,2,3.31,4.706,0,0,2113,-7.031,55,12.553,23.035921,120.23119
2021/7/16 10:58:40,0.38,675,0,3.82,4.706,0,0,2113,-7.031,55,12.684,23.035921,120.23119
2021/7/16 10:58:42,0.392,700,0,3.82,4.706,0,0,2113,-7.031,55,12.775,23.035934,120.2312
2021/7/16 10:58:44,0.4,700,0,3.97,5.098,0,0,2113,-7.031,55,13.19,23.035934,120.2312
2021/7/16 10:58:45,0.408,725,0,3.64,5.098,0,0,2113,-7.031,55,13.079,23.035934,120.2312
2021/7/16 10:58:47,0.404,737.5,2,9.12,7.451,0,15.294,2113,-4.688,56,13.29,23.03595,120.23121
2021/7/16 10:58:49,0.506,1250,8,9.57,9.02,0,18.824,2113,-4.688,56,13.312,23.03595,120.23121
2021/7/16 10:58:50,0.588,1537.5,12,10.92,12.549,0,0,2113,-6.25,56,13.295,23.03595,120.23121
2021/7/16 10:58:52,0.561,1100,16,4.01,5.098,0,0,2113,-7.031,56,13.271,23.036047,120.23132
2021/7/16 10:58:54,0.314,987.5,14,9.87,8.627,0,13.725,2113,-6.25,56,13.303,23.036047,120.23132
2021/7/16 10:58:55,0.435,1225,20,7.42,8.627,0,11.373,2113,-6.25,56,13.27,23.036047,120.23132
2021/7/16 10:58:57,0.494,1112.5,22,6.94,9.02,0,9.02,2113,-6.25,57,13.307,23.036201,120.23149
2021/7/16 10:58:59,0.482,1212.5,26,6.13,7.451,0,9.02,2113,-6.25,57,13.238,23.036201,120.23149
2021/7/16 10:59:00,0.408,1262.5,26,7.6,8.627,0,10.588,2113,-6.25,57,13.309,23.036201,120.23149
2021/7/16 10:59:02,0.447,1637.5,28,9.42,10.196,0,11.765,2113,-4.688,57,13.283,23.03644,120.23173
2021/7/16 10:59:04,0.51,1225,30,8.47,10.196,0,12.157,2113,-4.688,56,13.31,23.03644,120.23173
2021/7/16 10:59:05,0.514,1225,32,3.99,4.706,0,0,2113,-7.031,56,13.3,23.03644,120.23173
2021/7/16 10:59:07,0.31,1162.5,30,3.74,4.706,0,0,2113,-7.031,56,13.343,23.036724,120.23203
2021/7/16 10:59:09,0.302,900,28,7.38,8.235,0,9.02,2113,-6.25,56,13.299,23.036724,120.23203
2021/7/16 10:59:10,0.404,1362.5,30,5.72,8.627,0,8.627,2113,-6.25,56,13.258,23.036724,120.23203
2021/7/16 10:59:12,0.341,1137.5,32,8.94,10.588,0,16.863,2113,-4.688,56,13.267,23.036997,120.23233
2021/7/16 10:59:14,0.69,1425,34,15.81,16.078,0,24.706,2113,-5.469,56,13.289,23.036997,120.23233
2021/7/16 10:59:15,0.702,1775,36,16.09,16.471,0,19.608,2113,-5.469,55,13.264,23.036997,120.23233
2021/7/16 10:59:17,0.302,1412.5,42,4.08,6.667,0,0,2113,-6.25,55,14.744,23.037333,120.23268
2021/7/16 10:59:19,0.294,1237.5,42,4.08,5.098,0,0,2113,-6.25,55,14.762,23.037333,120.23268
2021/7/16 10:59:20,0.227,1237.5,38,3.94,5.098,0,0.784,2113,-6.25,55,14.802,23.037333,120.23268
2021/7/16 10:59:22,0.227,1237.5,36,7.28,5.49,0,0,2113,-6.25,55,13.297,23.03771,120.23308
2021/7/16 10:59:24,0.224,1262.5,36,3.52,4.706,0,4.314,2113,-6.25,55,13.284,23.03771,120.23308
2021/7/16 10:59:25,0.184,1312.5,34,6.13,5.49,0,6.275,2113,-6.25,55,13.26,23.03771,120.23308
2021/7/16 10:59:27,0.329,1262.5,34,6.48,6.667,0,15.686,2113,-4.688,55,13.213,23.038029,120.23343
2021/7/16 10:59:29,0.584,1300,34,22.2,25.882,0,42.745,2113,-3.125,54,12.74,23.038029,120.23343
2021/7/16 10:59:30,0.949,2412.5,42,30.08,47.843,0,18.431,2113,-5.469,54,12.43,23.038029,120.23343
2021/7/16 10:59:32,0.404,1900,44,4.39,4.314,0,0,2113,-6.25,54,14.76,23.038353,120.23382
2021/7/16 10:59:34,0.2,1237.5,38,2.95,3.529,0,0,2113,-6.25,54,14.721,23.038353,120.23382
2021/7/16 10:59:35,0.165,1237.5,32,2.96,3.529,0,0,2113,-6.25,54,14.717,23.038353,120.23382
2021/7/16 10:59:37,0.165,1275,22,2.9,3.529,0,0,2113,-6.25,55,14.177,23.038664,120.23418
2021/7/16 10:59:39,0.153,1287.5,18,2.79,3.529,0,0,2113,-6.25,55,13.28,23.038664,120.23418
2021/7/16 10:59:40,0.161,1087.5,14,4.26,5.49,0,0,2113,-6.25,55,13.051,23.038664,120.23418
2021/7/16 10:59:42,0.298,1000,14,3.47,4.706,0,0,2113,-6.25,55,12.524,23.038815,120.23438
2021/7/16 10:59:44,0.255,912.5,10,3.4,4.706,0,0,2113,-7.031,55,12.286,23.038815,120.23438
2021/7/16 10:59:45,0.29,875,8,3.56,4.314,0,0,2113,-7.031,55,12.322,23.038815,120.23438
2021/7/16 10:59:47,0.329,787.5,6,3.38,4.706,0,0,2113,-7.031,55,12.236,23.038906,120.23448
2021/7/16 10:59:49,0.345,750,6,3.25,4.314,0,7.451,2113,-7.031,55,12.274,23.038906,120.23448
2021/7/16 10:59:50,0.349,825,6,3.75,5.098,0,0,2113,-7.031,55,12.213,23.038906,120.23448
2021/7/16 10:59:52,0.357,787.5,4,3.11,4.706,0,0,2113,-7.031,55,12.232,23.038919,120.23457
2021/7/16 10:59:54,0.345,737.5,0,8.69,5.882,0,18.431,2113,-4.688,55,13.193,23.038919,120.23457
2021/7/16 10:59:55,0.584,1562.5,6,5.33,12.941,0,0,2113,-6.25,55,13.168,23.038919,120.23457
2021/7/16 10:59:57,0.294,1250,8,14.32,14.51,0,26.667,2113,-5.469,55,12.521,23.038885,120.23462
2021/7/16 10:59:59,0.655,2300,14,24.51,21.176,0,30.196,2113,-1.562,56,12.252,23.038885,120.23462
2021/7/16 11:00:00,0.702,2575,22,22.45,23.922,0,23.529,2113,-1.562,56,12.272,23.038885,120.23462
2021/7/16 11:00:02,0.639,2462.5,32,22.95,20.392,0,22.353,2113,-5.469,55,12.293,23.038715,120.23479
2021/7/16 11:00:04,0.706,2175,36,16.54,18.431,0,19.216,2113,-5.469,55,12.354,23.038715,120.23479
2021/7/16 11:00:05,0.675,1550,42,3.05,4.314,0,0,2113,-6.25,55,14.685,23.038715,120.23479
2021/7/16 11:00:07,0.165,1387.5,42,8.12,6.275,0,10.196,2113,-6.25,54,13.241,23.038355,120.23518
2021/7/16 11:00:09,0.333,1212.5,42,8.84,10.98,0,10.98,2113,-4.688,54,13.517,23.038355,120.23518
2021/7/16 11:00:10,0.443,1237.5,42,9.27,5.098,0,11.765,2113,-4.688,54,13.231,23.038355,120.23518
2021/7/16 11:00:12,0.447,1287.5,42,11.33,12.941,0,14.51,2113,-4.688,53,13.259,23.037973,120.23559
2021/7/16 11:00:14,0.671,1325,44,11.48,13.333,0,14.51,2114,-4.688,53,13.28,23.037973,120.23559
2021/7/16 11:00:15,0.659,1312.5,46,11.37,13.333,0,14.118,2114,-4.688,53,13.258,23.037973,120.23559
2021/7/16 11:00:17,0.651,1287.5,46,7.9,10.98,0,10.588,2114,-4.688,53,13.254,23.037973,120.23559
2021/7/16 11:00:19,0.482,1200,48,2.73,3.529,0,0,2114,-4.688,53,14.674,23.037973,120.23559
2021/7/16 11:00:20,0.165,1212.5,46,2.79,3.529,0,0,2114,-4.688,53,14.706,23.037973,120.23559
2021/7/16 11:00:22,0.153,1237.5,42,2.77,3.529,0,0,2114,-4.688,53,14.669,23.037973,120.23559
2021/7/16 11:00:24,0.149,1262.5,38,4.56,3.529,0,0,2114,-4.688,53,14.601,23.036991,120.23663
2021/7/16 11:00:26,0.247,1075,30,4.16,6.667,0,0,2114,-4.688,53,14.183,23.036991,120.23663
2021/7/16 11:00:27,0.255,1025,28,3.55,4.706,0,0,2114,-7.031,53,13.358,23.036991,120.23663
2021/7/16 11:00:29,0.267,937.5,20,3.07,3.922,0,0,2114,-7.031,53,12.708,23.036724,120.23692
2021/7/16 11:00:31,0.231,925,14,3.25,3.922,0,0,2114,-7.031,53,12.45,23.036724,120.23692
2021/7/16 11:00:32,0.247,825,8,3.46,4.314,0,0,2114,-7.031,53,12.326,23.036724,120.23692
2021/7/16 11:00:34,0.318,737.5,6,3.02,4.314,0,0,2114,-7.031,53,12.263,23.036612,120.23706
2021/7/16 11:00:36,0.341,700,0,2.86,3.922,0,0,2114,-7.031,54,12.226,23.036612,120.23706
2021/7/16 11:00:37,0.325,687.5,0,8.53,3.922,0,19.608,2114,-4.688,53,13.139,23.036612,120.23706
2021/7/16 11:00:39,0.541,1425,6,19.24,18.431,0,43.137,2114,-2.344,53,12.457,23.036592,120.23708
2021/7/16 11:00:41,0.839,2487.5,14,33.6,39.216,0,39.608,2114,-3.125,54,12.287,23.036592,120.23708
2021/7/16 11:00:42,0.843,2862.5,30,33.64,38.431,0,39.608,2114,-2.344,55,12.263,23.036592,120.23708
2021/7/16 11:00:44,0.824,2937.5,36,36.49,41.961,0,42.745,2114,-2.344,54,12.249,23.036386,120.23728
2021/7/16 11:00:46,0.82,3250,48,33.4,32.941,0,28.235,2114,-2.344,52,12.294,23.036386,120.23728
2021/7/16 11:00:47,0.741,2250,54,10.85,18.039,0,12.941,2114,-5.469,51,13.187,23.036386,120.23728
2021/7/16 11:00:49,0.475,1575,54,3.16,4.314,0,0,2114,-4.688,51,14.635,23.035948,120.23775
2021/7/16 11:00:51,0.161,1250,54,3.19,3.922,0,0,2114,-4.688,52,14.716,23.035948,120.23775
2021/7/16 11:00:52,0.173,1275,52,4.79,5.49,0,0,2114,-4.688,52,14.702,23.035948,120.23775
2021/7/16 11:00:54,0.263,1237.5,48,10.6,9.412,0,14.51,2114,-4.688,52,13.264,23.035471,120.23827
2021/7/16 11:00:56,0.533,1387.5,48,18.36,16.471,0,25.882,2114,-2.344,51,13.267,23.035471,120.23827
2021/7/16 11:00:57,0.875,1825,52,20.64,25.882,0,26.275,2114,-2.344,50,12.572,23.035471,120.23827
2021/7/16 11:00:59,0.812,1862.5,54,3.99,4.706,0,0,2114,-4.688,51,14.722,23.034979,120.23872
2021/7/16 11:01:01,0.227,1225,50,14.67,4.706,0,18.431,2114,-4.688,51,13.241,23.034979,120.23872
2021/7/16 11:01:02,0.737,1575,50,14.62,16.471,0,17.647,2114,-4.688,50,13.249,23.034979,120.23872
2021/7/16 11:01:04,0.733,1500,52,7.65,16.078,0,0,2114,-4.688,50,14.471,23.034468,120.23915
2021/7/16 11:01:06,0.286,1375,54,2.88,3.529,0,0,2114,-4.688,51,14.717,23.034468,120.23915
2021/7/16 11:01:07,0.157,1225,52,4.4,5.49,0,0,2114,-4.688,51,14.699,23.034468,120.23915
2021/7/16 11:01:09,0.259,1212.5,48,4.01,5.098,0,0,2114,-4.688,51,14.723,23.033943,120.2396
2021/7/16 11:01:11,0.231,1237.5,40,3.67,4.706,0,0,2114,-4.688,51,14.761,23.033943,120.2396
2021/7/16 11:01:12,0.208,1225,34,2.74,4.706,0,0,2114,-4.688,51,14.715,23.033943,120.2396
2021/7/16 11:01:14,0.149,1250,26,2.79,3.529,0,0,2114,-4.688,51,14.714,23.033541,120.2399
2021/7/16 11:01:16,0.153,1237.5,22,4.31,3.529,0,0,2114,-4.688,51,14.262,23.033541,120.2399
2021/7/16 11:01:17,0.208,1075,16,4.05,5.098,0,0,2114,-7.031,51,13.671,23.033541,120.2399
2021/7/16 11:01:19,0.294,925,12,3.47,4.706,0,0,2114,-7.031,51,12.869,23.033331,120.24005
2021/7/16 11:01:21,0.302,737.5,4,3.3,3.922,0,0,2114,-7.031,51,12.52,23.033331,120.24005
2021/7/16 11:01:22,0.325,700,2,3.18,3.922,0,0,2114,-7.031,52,12.343,23.033331,120.24005
2021/7/16 11:01:24,0.318,675,0,2.98,3.529,0,0,2114,-7.031,52,12.276,23.033279,120.2401
2021/7/16 11:01:26,0.31,675,0,2.67,3.529,0,0,2114,-7.031,52,12.266,23.033279,120.2401
2021/7/16 11:01:27,0.306,662.5,0,2.71,3.529,0,0,2114,-7.031,52,12.253,23.033279,120.2401
2021/7/16 11:01:29,0.306,650,0,2.67,3.529,0,0,2114,-7.031,52,12.268,23.033283,120.24011
2021/7/16 11:01:31,0.31,662.5,0,2.66,3.529,0,0,2114,-7.031,52,12.289,23.033283,120.24011
2021/7/16 11:01:32,0.31,650,0,2.75,3.529,0,0,2114,-7.031,52,12.211,23.033283,120.24011
2021/7/16 11:01:34,0.318,687.5,0,2.87,3.922,0,0,2114,-7.031,52,12.257,23.033283,120.24012
2021/7/16 11:01:36,0.325,725,0,3.13,3.922,0,0,2114,-7.031,53,12.223,23.033283,120.24012
2021/7/16 11:01:37,0.325,712.5,0,3.24,3.922,0,0,2114,-7.031,53,12.2,23.033283,120.24012
2021/7/16 11:01:39,0.329,712.5,0,3.16,3.922,0,0,2114,-7.031,53,12.18,23.033283,120.24012
2021/7/16 11:01:41,0.329,725,0,3.07,3.922,0,0,2114,-7.031,53,12.103,23.033283,120.24012
2021/7/16 11:01:42,0.333,700,0,3.34,3.922,0,0,2114,-7.031,53,12.197,23.033283,120.24012
2021/7/16 11:01:44,0.333,712.5,0,3.09,3.922,0,0,2114,-7.031,53,12.226,23.033279,120.24012
2021/7/16 11:01:46,0.337,712.5,0,3.15,3.922,0,0,2114,-7.031,53,12.175,23.033279,120.24012
2021/7/16 11:01:47,0.333,700,0,3.46,3.922,0,0,2114,-7.031,53,12.325,23.033279,120.24012
2021/7/16 11:01:49,0.353,700,0,3.55,4.314,0,0,2114,-7.031,53,12.342,23.033278,120.24012
2021/7/16 11:01:51,0.365,712.5,0,3.4,4.314,0,0,2114,-7.031,53,12.737,23.033278,120.24012
2021/7/16 11:01:52,0.365,700,0,3.7,4.706,0,0,2114,-7.031,54,12.6,23.033278,120.24012
2021/7/16 11:01:54,0.38,712.5,0,3.72,4.706,0,0,2114,-7.031,54,12.942,23.033274,120.24013
2021/7/16 11:01:56,0.388,712.5,0,3.82,4.706,0,0,2114,-7.031,54,12.933,23.033274,120.24013
2021/7/16 11:01:57,0.396,712.5,0,9.74,10.588,0,17.647,2114,-4.688,54,13.265,23.033274,120.24013
2021/7/16 11:01:59,0.506,1450,10,11,11.373,0,17.647,2114,-4.688,54,13.287,23.033249,120.24014
2021/7/16 11:02:01,0.569,1500,14,8.39,12.941,0,13.333,2114,-4.688,54,13.281,23.033249,120.24014
2021/7/16 11:02:02,0.514,1362.5,20,15.49,16.471,0,27.843,2114,-5.469,55,13.284,23.033249,120.24014
2021/7/16 11:02:04,0.82,1962.5,24,24.95,25.882,0,29.804,2114,-5.469,55,13.294,23.033094,120.24004
2021/7/16 11:02:06,0.792,2200,36,24.01,27.843,0,29.02,2114,-4.688,55,13.314,23.033094,120.24004
2021/7/16 11:02:07,0.808,2212.5,42,23.95,27.843,0,25.49,2114,-3.906,53,13.323,23.033094,120.24004
2021/7/16 11:02:09,0.757,2212.5,48,18.4,17.647,0,18.431,2114,-3.906,52,13.311,23.03281,120.23962
2021/7/16 11:02:11,0.62,1450,50,10.38,10.98,0,12.549,2114,-4.688,52,13.284,23.03281,120.23962
2021/7/16 11:02:12,0.525,1487.5,52,11.93,14.51,0,16.078,2114,-4.688,52,13.314,23.03281,120.23962
2021/7/16 11:02:14,0.71,1325,52,3.85,5.49,0,0,2114,-4.688,52,14.697,23.032469,120.23901
2021/7/16 11:02:16,0.227,1212.5,52,3.69,4.706,0,0,2114,-4.688,52,14.455,23.032469,120.23901
2021/7/16 11:02:17,0.302,737.5,48,3.54,4.706,0,0,2114,-7.031,52,14.33,23.032469,120.23901
2021/7/16 11:02:19,0.298,950,44,3.65,4.706,0,0,2114,-7.031,52,13.981,23.03216,120.23841
2021/7/16 11:02:21,0.286,887.5,34,3.57,4.314,0,0,2114,-7.031,52,13.198,23.03216,120.23841
2021/7/16 11:02:22,0.282,962.5,26,3,4.314,0,0,2114,-7.031,53,12.658,23.03216,120.23841
2021/7/16 11:02:24,0.255,887.5,10,3.2,4.314,0,0,2114,-7.031,53,12.412,23.031975,120.23806
2021/7/16 11:02:26,0.286,725,6,3.2,4.314,0,0,2114,-7.031,53,12.327,23.031975,120.23806
2021/7/16 11:02:27,0.325,700,0,2.77,3.529,0,0,2114,-7.031,53,12.269,23.031975,120.23806
2021/7/16 11:02:29,0.318,675,0,3.08,3.529,0,0,2114,-7.031,53,12.35,23.031958,120.23801
2021/7/16 11:02:31,0.318,687.5,0,2.99,3.922,0,0,2114,-7.031,53,12.265,23.031958,120.23801
2021/7/16 11:02:32,0.322,700,0,3.33,4.314,0,0,2114,-7.031,53,12.254,23.031958,120.23801
2021/7/16 11:02:34,0.333,700,0,3.02,4.314,0,0,2114,-7.031,53,12.264,23.031961,120.23799
2021/7/16 11:02:36,0.333,712.5,0,3.31,4.314,0,12.941,2114,-7.812,53,12.419,23.031961,120.23799
2021/7/16 11:02:37,0.333,1200,4,10.22,10.98,0,27.843,2114,-4.688,53,13.25,23.031961,120.23799
2021/7/16 11:02:39,0.71,1550,10,18.52,19.216,0,25.882,2114,-3.906,53,12.338,23.031946,120.23795
2021/7/16 11:02:41,0.769,2025,22,17.05,19.608,0,21.569,2114,-3.906,54,12.271,23.031946,120.23795
2021/7/16 11:02:42,0.631,1950,28,10.02,15.294,0,11.373,2114,-4.688,54,13.185,23.031946,120.23795
2021/7/16 11:02:44,0.431,1237.5,30,8.58,10.588,0,10.588,2114,-4.688,54,13.231,23.031794,120.23768
2021/7/16 11:02:46,0.404,1750,30,12.59,9.412,0,19.608,2114,-4.688,54,13.29,23.031794,120.23768
2021/7/16 11:02:47,0.722,1500,32,2.86,3.529,0,0,2114,-4.688,54,14.768,23.031794,120.23768
2021/7/16 11:02:49,0.157,1225,30,3.41,3.529,0,0,2114,-4.688,54,14.108,23.03159,120.23732
2021/7/16 11:02:51,0.275,950,20,4.53,5.49,0,0,2115,-4.688,54,13.407,23.03159,120.23732
2021/7/16 11:02:52,0.286,1062.5,18,7.23,5.098,0,12.157,2115,-4.688,54,13.3,23.03159,120.23732
2021/7/16 11:02:54,0.365,1475,18,4.24,5.098,0,0,2115,-4.688,54,13.21,23.03145,120.23706
2021/7/16 11:02:56,0.243,1112.5,18,3.83,4.706,0,0,2115,-7.031,54,12.803,23.03145,120.23706
2021/7/16 11:02:57,0.302,950,16,9.9,10.588,0,16.078,2115,-4.688,54,13.253,23.03145,120.23706
2021/7/16 11:02:59,0.576,1750,16,13.57,13.333,0,21.176,2115,-3.906,54,12.604,23.031334,120.23686
2021/7/16 11:03:01,0.561,1875,20,12.61,13.725,0,12.157,2115,-6.25,54,12.476,23.031334,120.23686
2021/7/16 11:03:02,0.243,1350,24,3.12,3.529,0,0,2115,-4.688,55,13.876,23.031334,120.23686
2021/7/16 11:03:04,0.176,850,22,2.92,5.882,0,0,2115,-7.031,55,13.203,23.031157,120.23662
2021/7/16 11:03:06,0.239,825,8,2.95,3.529,0,0,2115,-7.031,55,12.656,23.031157,120.23662
2021/7/16 11:03:07,0.247,812.5,8,2.86,3.529,0,0,2115,-7.031,55,12.475,23.031157,120.23662
2021/7/16 11:03:09,0.392,775,2,3.82,5.098,0,0,2115,-7.031,55,12.275,23.031092,120.2365
2021/7/16 11:03:11,0.373,762.5,0,3.11,4.706,0,0,2115,-7.031,55,12.291,23.031092,120.2365
2021/7/16 11:03:12,0.349,687.5,0,3.14,3.922,0,0,2115,-7.031,55,12.312,23.031092,120.2365
2021/7/16 11:03:14,0.329,687.5,0,3.16,3.922,0,0,2115,-7.031,56,12.303,23.031097,120.23647
2021/7/16 11:03:16,0.333,712.5,0,3.29,4.314,0,0,2115,-7.031,56,12.376,23.031097,120.23647
2021/7/16 11:03:17,0.337,712.5,0,3.14,4.314,0,0,2115,-7.031,56,12.322,23.031097,120.23647
2021/7/16 11:03:19,0.337,712.5,0,3.38,4.314,0,0,2115,-7.031,56,12.213,23.031101,120.23647
2021/7/16 11:03:21,0.345,700,0,3.6,4.314,0,0,2115,-7.031,56,12.613,23.031101,120.23647
2021/7/16 11:03:22,0.357,700,0,3.57,4.706,0,0,2115,-7.031,56,12.645,23.031101,120.23647
2021/7/16 11:03:24,0.373,712.5,0,3.4,4.706,0,0,2115,-7.031,56,12.746,23.031103,120.23646
2021/7/16 11:03:26,0.38,700,0,3.85,4.706,0,0,2115,-7.031,56,12.917,23.031103,120.23646
2021/7/16 11:03:27,0.392,700,0,3.81,4.706,0,0,2115,-7.031,56,12.958,23.031103,120.23646
2021/7/16 11:03:29,0.4,700,0,3.92,4.706,0,0,2115,-7.031,56,12.924,23.031105,120.23645
2021/7/16 11:03:31,0.4,700,0,3.85,4.706,0,0,2115,-7.031,56,13.111,23.031105,120.23645
2021/7/16 11:03:32,0.404,687.5,0,4.01,5.098,0,0,2115,-7.031,56,13.309,23.031105,120.23645
2021/7/16 11:03:34,0.408,712.5,0,3.8,5.098,0,0,2115,-7.031,56,13.129,23.031109,120.23644
2021/7/16 11:03:36,0.4,712.5,0,3.56,4.706,0,0,2115,-7.031,56,13.108,23.031109,120.23644
2021/7/16 11:03:37,0.396,700,0,3.58,4.706,0,0,2115,-7.031,56,13.323,23.031109,120.23644
2021/7/16 11:03:39,0.396,712.5,0,3.66,4.706,0,0,2115,-7.031,56,13.4,23.031113,120.23644
2021/7/16 11:03:41,0.533,987.5,0,8.43,9.804,0,16.471,2115,-4.688,56,13.327,23.031113,120.23644
2021/7/16 11:03:42,0.478,1362.5,6,18.22,11.373,0,32.941,2115,-3.906,56,13.344,23.031113,120.23644
2021/7/16 11:03:44,0.784,2037.5,18,22.49,24.314,0,29.804,2115,-3.125,57,13.335,23.031078,120.23637
2021/7/16 11:03:46,0.78,2125,24,5.78,14.902,0,6.667,2115,-4.688,57,13.316,23.031078,120.23637
2021/7/16 11:03:47,0.655,1300,28,14.58,16.471,0,21.569,2115,-4.688,57,13.343,23.031078,120.23637
2021/7/16 11:03:49,0.753,1612.5,30,7.17,14.51,0,9.412,2115,-4.688,57,13.316,23.030912,120.23605
2021/7/16 11:03:51,0.463,1225,34,2.78,5.49,0,0,2115,-4.688,57,14.777,23.030912,120.23605
2021/7/16 11:03:52,0.18,1425,32,2.98,3.922,0,0,2115,-7.031,58,14.711,23.030912,120.23605
2021/7/16 11:03:54,0.216,962.5,28,4.84,5.49,0,0,2115,-4.688,58,14.636,23.030697,120.23569
2021/7/16 11:03:56,0.325,1025,24,4.49,5.49,0,0,2115,-4.688,58,14.427,23.030697,120.23569
2021/7/16 11:03:57,0.31,1387.5,18,16.68,13.333,0,34.51,2115,-3.125,57,12.838,23.030697,120.23569
2021/7/16 11:03:59,0.729,2087.5,22,24.62,23.922,0,42.745,2115,-2.344,57,12.547,23.030552,120.23543
2021/7/16 11:04:01,0.816,2550,34,30.84,34.51,0,42.745,2115,-2.344,57,12.35,23.030552,120.23543
2021/7/16 11:04:02,0.804,3012.5,40,34.79,36.471,0,41.176,2115,-2.344,55,12.378,23.030552,120.23543
2021/7/16 11:04:04,0.714,3575,52,46.55,39.608,0,41.176,2115,-2.344,53,12.337,23.030315,120.235
2021/7/16 11:04:06,0.765,2975,58,3.62,23.922,0,0,2115,-6.25,53,14.224,23.030315,120.235
2021/7/16 11:04:07,0.133,1200,56,3.24,3.922,0,0,2115,-4.688,53,14.759,23.030315,120.235
2021/7/16 11:04:09,0.176,1212.5,52,2.86,3.529,0,0,2115,-4.688,53,14.79,23.029957,120.23433
2021/7/16 11:04:11,0.165,1225,40,4.62,5.49,0,0,2115,-4.688,53,14.803,23.029957,120.23433
2021/7/16 11:04:12,0.247,1262.5,36,4,5.098,0,0,2115,-4.688,53,14.761,23.029957,120.23433
2021/7/16 11:04:14,0.224,1237.5,32,2.82,3.529,0,0,2115,-4.688,54,14.791,23.029694,120.23384
2021/7/16 11:04:16,0.153,1275,28,2.75,3.529,0,0,2115,-4.688,54,14.795,23.029694,120.23384
2021/7/16 11:04:18,0.173,1237.5,26,4.3,6.667,0,1.176,2115,-4.688,54,14.209,23.029533,120.23357
2021/7/16 11:04:20,0.267,1137.5,24,5.11,5.882,0,10.588,2115,-4.688,54,13.315,23.029533,120.23357
2021/7/16 11:04:21,0.482,1562.5,26,7.05,10.98,0,7.451,2115,-4.688,54,13.305,23.029533,120.23357
2021/7/16 11:04:23,0.412,1100,26,3.76,4.706,0,0,2115,-7.031,54,12.933,23.029356,120.23328
2021/7/16 11:04:25,0.29,937.5,24,3.28,4.314,0,0,2115,-7.031,54,12.564,23.029356,120.23328
2021/7/16 11:04:26,0.247,950,24,3.42,4.314,0,8.627,2115,-4.688,54,12.589,23.029356,120.23328
2021/7/16 11:04:28,0.455,1550,24,15.95,12.941,0,29.02,2115,-3.125,54,12.481,23.029182,120.233
2021/7/16 11:04:30,0.663,1875,26,18.7,18.431,0,30.98,2115,-3.125,54,12.357,23.029182,120.233
2021/7/16 11:04:31,0.741,1837.5,34,12.16,11.765,0,18.431,2115,-4.688,54,13.243,23.029182,120.233
2021/7/16 11:04:33,0.596,1512.5,36,3.33,14.118,0,0,2115,-4.688,54,14.754,23.028954,120.23269
2021/7/16 11:04:35,0.173,1237.5,36,2.97,3.529,0,0,2115,-4.688,55,14.723,23.028954,120.23269
2021/7/16 11:04:36,0.165,1187.5,32,2.89,3.529,0,0,2115,-4.688,55,13.952,23.028954,120.23269
2021/7/16 11:04:38,0.204,987.5,24,2.79,3.529,0,0,2115,-4.688,55,13.085,23.028721,120.23228
2021/7/16 11:04:40,0.192,1050,22,11.83,3.529,0,20,2115,-3.125,55,13.298,23.028721,120.23228
2021/7/16 11:04:42,0.561,1787.5,24,3.34,4.706,0,0,2115,-7.031,54,12.345,23.028608,120.23203
2021/7/16 11:04:44,0.282,937.5,16,5.11,4.314,0,18.039,2115,-4.688,54,12.958,23.028608,120.23203
2021/7/16 11:04:45,0.565,1712.5,16,28.58,18.431,0,44.314,2115,-2.344,54,12.314,23.028608,120.23203
2021/7/16 11:04:47,0.761,2475,28,21.35,20.392,0,31.373,2115,-3.125,54,12.317,23.028471,120.23179
2021/7/16 11:04:49,0.729,2012.5,34,4.72,15.686,0,0,2115,-4.688,55,14.021,23.028471,120.23179
2021/7/16 11:04:50,0.227,1375,32,3.51,4.314,0,0,2115,-4.688,55,14.716,23.028471,120.23179
2021/7/16 11:04:52,0.18,1237.5,26,3.13,3.922,0,0,2115,-4.688,55,14.733,23.028471,120.23179
2021/7/16 11:04:53,0.165,1275,22,2.89,3.529,0,0,2115,-4.688,55,13.559,23.028471,120.23179
2021/7/16 11:04:55,0.157,1262.5,20,2.76,3.529,0,6.275,2115,-4.688,55,13.26,23.028471,120.23179
2021/7/16 11:04:57,0.153,1350,20,12.4,13.333,0,14.902,2115,-4.688,54,13.263,23.028101,120.23119
2021/7/16 11:04:59,0.686,1412.5,22,5.15,5.098,0,6.275,2115,-4.688,54,13.294,23.028101,120.23119
2021/7/16 11:05:00,0.247,1237.5,24,6.77,7.843,0,8.627,2115,-4.688,54,13.241,23.028101,120.23119
2021/7/16 11:05:02,0.408,1225,24,3.83,4.706,0,0,2115,-7.031,54,12.974,23.027948,120.23092
2021/7/16 11:05:04,0.298,1012.5,18,3.39,4.314,0,0,2115,-7.031,54,12.452,23.027948,120.23092
2021/7/16 11:05:06,0.251,987.5,14,6.24,6.275,0,14.118,2115,-4.688,54,13.207,23.027834,120.23074
2021/7/16 11:05:08,0.447,1412.5,14,10.93,11.765,0,16.078,2115,-3.125,54,12.351,23.027834,120.23074
2021/7/16 11:05:09,0.471,2175,20,26.68,23.137,0,42.745,2115,-1.562,54,12.32,23.027834,120.23074
2021/7/16 11:05:11,0.824,2712.5,28,34.51,40.392,0,45.882,2115,-1.562,54,12.32,23.027706,120.23054
2021/7/16 11:05:13,0.847,3050,42,34.14,36.471,0,34.51,2115,-1.562,53,12.283,23.027706,120.23054
2021/7/16 11:05:14,0.686,3175,48,4.21,6.667,0,0,2115,-6.25,52,14.692,23.027706,120.23054
2021/7/16 11:05:16,0.122,1175,44,3.26,3.922,0,0,2115,-4.688,52,14.278,23.027401,120.23006
2021/7/16 11:05:18,0.22,1162.5,40,4.36,3.529,0,0,2115,-7.031,52,13.56,23.027401,120.23006
2021/7/16 11:05:19,0.306,1000,36,3.65,4.706,0,0,2115,-4.688,52,12.775,23.027401,120.23006
2021/7/16 11:05:21,0.255,975,30,3.26,4.314,0,0,2115,-4.688,53,12.39,23.027103,120.22961
2021/7/16 11:05:23,0.239,987.5,30,13.15,3.922,0,27.843,2115,-3.125,52,12.713,23.027103,120.22961
2021/7/16 11:05:24,0.757,2250,32,27.87,32.941,0,48.627,2115,-2.344,52,12.306,23.027103,120.22961
2021/7/16 11:05:26,0.847,2850,42,33.45,34.902,0,41.176,2115,-1.562,51,12.286,23.027103,120.22961
2021/7/16 11:05:28,0.757,3050,46,24.01,28.235,0,20,2115,-2.344,50,12.306,23.027103,120.22961
2021/7/16 11:05:30,0.522,1625,52,3.24,2.745,0,3.529,2115,-4.688,50,13.233,23.026558,120.22885
2021/7/16 11:05:32,0.157,1225,52,3.69,3.922,0,4.706,2116,-4.688,51,13.244,23.026558,120.22885
2021/7/16 11:05:33,0.212,1212.5,52,3.92,4.706,0,0,2116,-5.469,51,14.157,23.026558,120.22885
2021/7/16 11:05:35,0.208,1275,50,4.48,5.49,0,0,2116,-5.469,51,14.733,23.02614,120.22832
2021/7/16 11:05:37,0.255,1250,48,4.04,5.098,0,0,2116,-5.469,51,14.737,23.02614,120.22832
2021/7/16 11:05:38,0.231,1250,46,3.75,5.098,0,0,2116,-5.469,51,14.742,23.02614,120.22832
2021/7/16 11:05:40,0.208,1250,42,3.6,4.706,0,0,2116,-5.469,51,14.756,23.025763,120.22781
2021/7/16 11:05:42,0.204,1250,38,3.65,4.706,0,0,2116,-5.469,51,14.711,23.025763,120.22781
2021/7/16 11:05:43,0.153,1250,28,2.75,3.529,0,0,2116,-5.469,52,14.733,23.025763,120.22781
2021/7/16 11:05:45,0.153,1250,24,4.13,3.529,0,0,2116,-7.031,52,14.323,23.025482,120.22748
2021/7/16 11:05:47,0.153,1200,16,4.05,5.098,0,0,2116,-7.031,52,13.891,23.025482,120.22748
2021/7/16 11:05:49,0.365,700,6,3.41,4.706,0,0,2116,-7.031,52,12.758,23.025383,120.22733
2021/7/16 11:05:51,0.357,725,2,2.86,3.922,0,0,2116,-7.031,52,12.429,23.025383,120.22733
2021/7/16 11:05:52,0.322,700,0,3.01,3.529,0,0,2116,-7.031,52,12.246,23.025383,120.22733
2021/7/16 11:05:54,0.306,662.5,0,2.94,3.529,0,0,2116,-7.031,52,12.245,23.02537,120.22728
2021/7/16 11:05:56,0.306,650,0,2.64,3.529,0,0,2116,-7.031,52,12.291,23.02537,120.22728
2021/7/16 11:05:57,0.314,662.5,0,3.01,3.529,0,0,2116,-7.031,52,12.22,23.02537,120.22728
2021/7/16 11:05:59,0.314,687.5,0,2.86,3.922,0,0,2116,-7.031,52,12.231,23.025398,120.22726
2021/7/16 11:06:01,0.322,687.5,0,3.14,4.314,0,0,2116,-7.031,52,12.229,23.025398,120.22726
2021/7/16 11:06:02,0.337,737.5,0,3.21,4.314,0,0,2116,-7.031,52,12.232,23.025398,120.22726
2021/7/16 11:06:04,0.337,700,0,3.33,4.314,0,0,2116,-7.031,52,12.217,23.025419,120.22723
2021/7/16 11:06:06,0.337,687.5,0,3.32,4.314,0,0,2116,-7.031,53,12.314,23.025419,120.22723
2021/7/16 11:06:07,0.337,725,2,3.24,4.314,0,7.451,2116,-7.031,53,12.252,23.025419,120.22723
2021/7/16 11:06:09,0.333,775,4,10.94,12.157,0,22.745,2116,-3.125,53,13.169,23.025419,120.22723
2021/7/16 11:06:11,0.624,1950,12,3.38,15.686,0,1.961,2116,-5.469,53,12.248,23.025391,120.22716
2021/7/16 11:06:13,0.251,875,16,3.55,4.314,0,2.353,2116,-7.031,53,12.264,23.025391,120.22716
2021/7/16 11:06:14,0.278,1037.5,16,3.14,7.843,0,0,2116,-5.469,54,13.15,23.025391,120.22716
2021/7/16 11:06:16,0.231,887.5,10,2.68,3.529,0,0,2116,-7.031,54,12.361,23.025383,120.22701
2021/7/16 11:06:18,0.224,712.5,2,2.92,3.137,0,0,2116,-7.031,54,12.252,23.025383,120.22701
2021/7/16 11:06:19,0.275,675,0,2.44,2.745,0,0,2116,-7.031,54,12.325,23.025383,120.22701
2021/7/16 11:06:21,0.243,687.5,0,3.62,2.745,0,0,2116,-7.031,54,12.285,23.02541,120.22697
2021/7/16 11:06:23,0.373,712.5,0,3.36,4.706,0,0,2116,-7.031,55,12.598,23.02541,120.22697
2021/7/16 11:06:24,0.365,687.5,0,3.62,4.314,0,0,2116,-7.031,55,12.487,23.02541,120.22697
2021/7/16 11:06:26,0.365,687.5,0,3.43,4.706,0,0,2116,-7.031,55,12.755,23.025415,120.22694
2021/7/16 11:06:28,0.376,700,0,8.29,4.706,0,16.078,2116,-4.688,55,13.23,23.025415,120.22694
2021/7/16 11:06:29,0.588,1587.5,8,14.43,14.51,0,28.235,2116,-3.125,55,13.278,23.025415,120.22694
2021/7/16 11:06:31,0.71,1850,14,20.96,19.216,0,27.451,2116,-3.125,55,13.266,23.025452,120.22688
2021/7/16 11:06:33,0.773,2075,28,22.46,23.137,0,26.667,2116,-3.125,55,13.287,23.025452,120.22688
2021/7/16 11:06:35,0.784,2150,34,23.75,25.49,0,25.882,2116,-3.125,54,13.272,23.025452,120.22688
2021/7/16 11:06:36,0.733,2175,44,18.91,19.608,0,18.039,2116,-3.906,53,13.29,23.025452,120.22688
2021/7/16 11:06:38,0.655,1725,48,11.8,14.51,0,11.765,2116,-4.688,53,13.289,23.025898,120.22651
2021/7/16 11:06:40,0.694,1437.5,50,6.46,7.451,0,8.235,2116,-5.469,53,13.756,23.025898,120.22651
2021/7/16 11:06:41,0.341,1150,50,4.62,3.529,0,0,2116,-5.469,53,14.761,23.025898,120.22651
2021/7/16 11:06:43,0.275,1200,44,4.27,5.49,0,0,2116,-5.469,53,14.723,23.026388,120.22604
2021/7/16 11:06:45,0.247,1237.5,38,4,5.098,0,11.765,2116,-5.469,53,13.775,23.026388,120.22604
2021/7/16 11:06:46,0.224,1425,36,14.87,16.471,0,19.216,2116,-4.688,52,13.301,23.026388,120.22604
2021/7/16 11:06:48,0.796,1587.5,40,10.43,20.392,0,14.902,2116,-4.688,52,13.29,23.026798,120.22572
2021/7/16 11:06:50,0.247,1437.5,42,16.39,18.824,0,20.392,2116,-4.688,51,13.264,23.026798,120.22572
2021/7/16 11:06:51,0.796,1612.5,46,20.44,21.961,0,32.157,2116,-2.344,51,13.286,23.026798,120.22572
2021/7/16 11:06:53,0.886,1975,52,20.92,25.49,0,24.706,2116,-3.906,50,13.31,23.027277,120.22538
2021/7/16 11:06:55,0.494,1687.5,54,2.95,3.529,0,0,2116,-5.469,51,14.731,23.027277,120.22538
2021/7/16 11:06:57,0.157,1225,50,2.69,3.529,0,0,2116,-5.469,51,14.716,23.027763,120.22516
2021/7/16 11:06:59,0.153,1237.5,46,4.28,5.49,0,0,2116,-5.469,51,14.704,23.027763,120.22516
2021/7/16 11:07:00,0.235,1250,44,3.9,5.098,0,0,2116,-5.469,51,14.755,23.027763,120.22516
2021/7/16 11:07:02,0.216,1262.5,40,3.63,4.706,0,0,2116,-5.469,51,14.742,23.028315,120.22491
2021/7/16 11:07:04,0.204,1250,38,3.72,4.314,0,0,2116,-5.469,51,14.737,23.028315,120.22491
2021/7/16 11:07:05,0.2,1225,30,2.77,3.529,0,0,2116,-5.469,51,14.722,23.028315,120.22491
2021/7/16 11:07:07,0.153,1237.5,26,2.76,3.529,0,0,2116,-5.469,51,14.734,23.028732,120.22474
2021/7/16 11:07:09,0.153,1237.5,16,4.22,5.49,0,0,2116,-5.469,51,14.207,23.028732,120.22474
2021/7/16 11:07:10,0.306,1075,14,3.99,5.098,0,0,2116,-7.031,51,13.32,23.028732,120.22474
2021/7/16 11:07:12,0.302,737.5,4,3.53,4.314,0,0,2116,-7.031,51,12.681,23.028936,120.22465
2021/7/16 11:07:14,0.337,725,2,3.04,3.922,0,0,2116,-7.031,51,12.462,23.028936,120.22465
2021/7/16 11:07:15,0.322,700,0,3.05,3.922,0,0,2116,-7.031,51,12.286,23.028936,120.22465
2021/7/16 11:07:17,0.302,662.5,0,3.09,3.529,0,0,2116,-7.031,52,12.259,23.028936,120.22465
2021/7/16 11:07:19,0.306,712.5,0,2.86,3.922,0,0,2116,-7.031,52,12.302,23.028936,120.22465
2021/7/16 11:07:21,0.314,712.5,0,3.04,3.922,0,0,2116,-7.031,52,12.164,23.028936,120.22465
2021/7/16 11:07:22,0.314,712.5,0,3.07,3.922,0,0,2116,-7.031,52,12.259,23.028936,120.22465
2021/7/16 11:07:24,0.314,700,0,2.89,3.922,0,0,2116,-7.031,52,12.329,23.028967,120.22461
2021/7/16 11:07:26,0.318,700,0,2.89,3.922,0,0,2116,-7.031,52,12.298,23.028967,120.22461
2021/7/16 11:07:27,0.322,700,0,3.16,3.922,0,0,2116,-7.031,52,12.274,23.028967,120.22461
2021/7/16 11:07:29,0.322,700,0,2.93,3.922,0,0,2116,-7.031,52,12.311,23.028965,120.2246
2021/7/16 11:07:31,0.322,700,0,2.94,3.922,0,0,2116,-7.031,52,12.285,23.028965,120.2246
2021/7/16 11:07:32,0.325,700,0,2.95,3.922,0,0,2116,-7.031,52,12.329,23.028965,120.2246
2021/7/16 11:07:34,0.325,700,0,3.11,3.922,0,0,2116,-7.031,53,12.257,23.028963,120.22459
2021/7/16 11:07:36,0.329,700,0,3.15,4.314,0,0,2116,-7.031,53,12.48,23.028963,120.22459
2021/7/16 11:07:37,0.353,712.5,0,3.36,4.314,0,0,2116,-7.031,53,12.528,23.028963,120.22459
2021/7/16 11:07:39,0.369,700,0,3.65,4.706,0,0,2116,-7.031,53,12.628,23.028961,120.22459
2021/7/16 11:07:41,0.376,700,0,3.42,4.706,0,0,2116,-7.031,53,12.92,23.028961,120.22459
2021/7/16 11:07:43,0.392,700,0,3.86,4.706,0,0,2116,-7.031,53,12.816,23.028959,120.22459
2021/7/16 11:07:45,0.392,712.5,0,3.87,4.706,0,0,2116,-7.031,53,13.238,23.028959,120.22459
2021/7/16 11:07:46,0.4,712.5,0,3.56,4.706,0,0,2116,-7.031,53,13.286,23.028959,120.22459
2021/7/16 11:07:48,0.4,700,0,3.96,4.706,0,0,2116,-7.031,53,13.318,23.028959,120.22458
2021/7/16 11:07:50,0.396,725,0,3.61,4.706,0,0,2116,-7.031,54,13.085,23.028959,120.22458
2021/7/16 11:07:51,0.388,700,0,3.64,4.706,0,0,2116,-7.031,54,13.129,23.028959,120.22458
2021/7/16 11:07:53,0.384,700,0,3.79,4.706,0,0,2116,-7.031,54,13.326,23.028959,120.22458
2021/7/16 11:07:55,0.384,712.5,0,7.1,4.706,0,11.765,2116,-4.688,54,13.303,23.028959,120.22458
2021/7/16 11:07:56,0.514,1400,6,9.68,10.98,0,19.608,2116,-4.688,54,13.347,23.028959,120.22458
2021/7/16 11:07:58,0.608,1537.5,10,13.32,12.941,0,18.431,2116,-3.906,54,13.354,23.029007,120.22456
2021/7/16 11:08:00,0.231,1337.5,18,3.76,4.706,0,0,2116,-7.031,54,13.242,23.029007,120.22456
2021/7/16 11:08:01,0.298,812.5,16,13.66,5.882,0,23.529,2116,-3.906,55,13.322,23.029007,120.22456
2021/7/16 11:08:03,0.565,1962.5,22,13.21,14.118,0,22.745,2116,-3.906,55,13.316,23.029007,120.22456
2021/7/16 11:08:05,0.565,1675,28,14.24,14.51,0,23.529,2116,-3.906,55,13.323,23.029007,120.22456
2021/7/16 11:08:07,0.671,1700,32,17.01,16.863,0,27.451,2116,-3.906,54,13.337,23.029007,120.22456
2021/7/16 11:08:08,0.725,1775,36,17.89,18.431,0,27.059,2116,-3.906,53,13.344,23.029007,120.22456
2021/7/16 11:08:10,0.78,1775,42,13.8,20,0,0,2116,-6.25,53,14.27,23.029659,120.22481
2021/7/16 11:08:12,0.545,1625,44,3.98,4.706,0,0,2116,-5.469,53,14.658,23.029659,120.22481
2021/7/16 11:08:13,0.231,987.5,40,3.9,6.275,0,0,2116,-5.469,53,13.964,23.029659,120.22481
2021/7/16 11:08:15,0.267,1000,38,2.78,3.529,0,0,2116,-5.469,53,13.157,23.030039,120.22522
2021/7/16 11:08:17,0.184,1025,24,2.39,3.137,0,0,2116,-5.469,53,12.774,23.030039,120.22522
2021/7/16 11:08:18,0.173,1000,16,3.68,5.098,0,0,2116,-7.031,53,12.402,23.030039,120.22522
2021/7/16 11:08:20,0.357,762.5,2,3.24,4.706,0,0,2116,-7.031,53,12.35,23.030228,120.22543
2021/7/16 11:08:22,0.341,737.5,0,3.14,3.922,0,0,2116,-7.031,53,12.238,23.030228,120.22543
2021/7/16 11:08:23,0.318,687.5,0,3.14,3.922,0,0,2116,-7.031,53,12.269,23.030228,120.22543
2021/7/16 11:08:25,0.318,700,0,2.9,3.922,0,0,2116,-7.031,53,12.4,23.030228,120.22543
2021/7/16 11:08:27,0.325,700,0,3.04,3.922,0,0,2116,-7.031,53,12.294,23.030228,120.22543
2021/7/16 11:08:29,0.325,712.5,0,3.29,3.922,0,0,2116,-7.031,53,12.269,23.030228,120.22543
2021/7/16 11:08:30,0.329,712.5,0,3.02,3.922,0,0,2116,-7.031,53,12.384,23.030228,120.22543
2021/7/16 11:08:32,0.329,712.5,0,3.34,3.922,0,0,2116,-7.031,54,12.283,23.030235,120.22544
2021/7/16 11:08:34,0.333,700,0,3.18,4.314,0,0,2116,-7.031,54,12.343,23.030235,120.22544
2021/7/16 11:08:35,0.333,700,0,3.16,4.314,0,0,2116,-7.031,54,12.355,23.030235,120.22544
2021/7/16 11:08:37,0.345,712.5,0,10.2,10.196,0,22.745,2116,-3.906,54,13.224,23.030237,120.22545
2021/7/16 11:08:39,0.545,1400,4,18.23,13.333,0,32.941,2116,-4.688,54,13.316,23.030237,120.22545
2021/7/16 11:08:40,0.788,2012.5,18,22.93,24.314,0,31.765,2116,-4.688,55,13.283,23.030237,120.22545
2021/7/16 11:08:42,0.784,2150,24,25.5,29.02,0,29.804,2116,-3.125,54,13.317,23.030355,120.22557
2021/7/16 11:08:44,0.773,2250,36,21.13,25.098,0,7.843,2116,-6.25,54,13.338,23.030355,120.22557
2021/7/16 11:08:45,0.29,1887.5,38,16.44,4.314,0,22.353,2116,-4.688,53,13.328,23.030355,120.22557
2021/7/16 11:08:47,0.808,1937.5,40,18.06,20.784,0,18.431,2116,-3.125,52,13.337,23.030355,120.22557
2021/7/16 11:08:49,0.827,1312.5,44,2.69,3.137,0,0,2116,-5.469,53,14.754,23.030355,120.22557
2021/7/16 11:08:51,0.161,1212.5,42,4.43,3.529,0,0,2116,-5.469,53,14.787,23.030355,120.22557
2021/7/16 11:08:52,0.243,1225,40,4.27,5.098,0,0,2116,-5.469,53,14.778,23.030355,120.22557
2021/7/16 11:08:54,0.235,1200,34,4.31,5.098,0,0,2116,-5.469,53,14.562,23.031216,120.22648
2021/7/16 11:08:56,0.357,1150,28,3.69,4.706,0,0,2116,-7.031,53,14.379,23.031216,120.22648
2021/7/16 11:08:57,0.29,925,20,3.66,4.706,0,0,2117,-7.031,53,13.834,23.031216,120.22648
2021/7/16 11:08:59,0.302,937.5,16,5.05,5.882,0,14.118,2117,-5.469,53,13.306,23.031424,120.22671
2021/7/16 11:09:01,0.533,1700,18,3.48,6.275,0,0,2117,-5.469,53,13.297,23.031424,120.22671
2021/7/16 11:09:02,0.2,1112.5,18,3.35,4.314,0,0,2117,-7.031,53,12.612,23.031424,120.22671
2021/7/16 11:09:04,0.263,887.5,10,2.76,4.314,0,1.569,2117,-7.031,53,12.561,23.031574,120.22687
2021/7/16 11:09:06,0.231,912.5,10,5.51,3.529,0,10.196,2117,-5.469,53,13.185,23.031574,120.22687
2021/7/16 11:09:07,0.345,1287.5,12,2.99,5.49,0,0,2117,-4.688,53,13.213,23.031574,120.22687
2021/7/16 11:09:09,0.224,937.5,12,6.18,3.922,0,15.686,2117,-4.688,54,12.764,23.031574,120.22687
2021/7/16 11:09:11,0.502,1550,12,19.95,15.686,0,27.451,2117,-3.125,54,12.354,23.031574,120.22687
2021/7/16 11:09:13,0.659,2287.5,22,10.13,10.196,0,12.549,2117,-6.25,54,12.353,23.031574,120.22687
2021/7/16 11:09:14,0.388,1587.5,22,11.38,10.196,0,18.431,2117,-3.906,55,13.299,23.031574,120.22687
2021/7/16 11:09:16,0.667,1687.5,28,17.83,20,0,23.922,2117,-3.906,55,13.321,23.031921,120.22723
2021/7/16 11:09:18,0.808,1737.5,32,18.91,21.961,0,24.314,2117,-3.906,54,13.351,23.031921,120.22723
2021/7/16 11:09:19,0.827,1737.5,38,18.95,23.137,0,24.706,2117,-3.906,54,13.323,23.031921,120.22723
2021/7/16 11:09:21,0.827,1737.5,42,18.79,22.745,0,21.961,2117,-3.906,53,13.321,23.032236,120.22755
2021/7/16 11:09:23,0.827,1725,44,5.71,6.275,0,7.451,2117,-4.688,53,13.522,23.032236,120.22755
2021/7/16 11:09:24,0.271,1275,44,2.95,3.529,0,0,2117,-4.688,54,14.749,23.032236,120.22755
2021/7/16 11:09:26,0.149,1225,40,4.92,5.882,0,0,2117,-4.688,54,14.77,23.032644,120.22796
2021/7/16 11:09:28,0.267,1225,34,4.46,5.49,0,0,2117,-7.031,54,14.359,23.032644,120.22796
2021/7/16 11:09:29,0.302,1037.5,28,4.13,5.49,0,0,2117,-5.469,54,13.583,23.032644,120.22796
2021/7/16 11:09:31,0.267,1037.5,18,11.92,5.098,0,19.608,2117,-3.906,53,13.305,23.032644,120.22796
2021/7/16 11:09:33,0.529,1987.5,22,19.21,18.431,0,32.941,2117,-3.906,53,12.554,23.032644,120.22796
2021/7/16 11:09:35,0.718,2000,26,23.79,21.176,0,36.078,2117,-3.906,54,12.349,23.032644,120.22796
2021/7/16 11:09:36,0.729,2512.5,36,23.77,21.176,0,29.804,2117,-1.562,54,12.397,23.032644,120.22796
2021/7/16 11:09:38,0.659,2375,40,8.36,15.294,0,5.49,2117,-5.469,54,13.105,23.0333,120.22858
2021/7/16 11:09:40,0.333,1225,42,5.11,5.882,0,6.275,2117,-5.469,54,13.28,23.0333,120.22858
2021/7/16 11:09:41,0.302,1212.5,42,5.51,6.275,0,7.451,2117,-5.469,54,13.3,23.0333,120.22858
2021/7/16 11:09:43,0.325,1287.5,42,13.34,14.902,0,21.569,2117,-3.906,54,13.304,23.033712,120.22895
2021/7/16 11:09:45,0.78,1662.5,44,18.4,19.608,0,25.882,2117,-4.688,53,12.636,23.033712,120.22895
2021/7/16 11:09:46,0.765,1812.5,46,15.79,20,0,19.216,2117,-4.688,52,12.806,23.033884,120.2291
2021/7/16 11:09:48,0.216,1362.5,50,4.66,5.098,0,0,2117,-4.688,52,14.805,23.034161,120.22936
2021/7/16 11:09:50,0.263,1200,48,4.07,5.098,0,0,2117,-4.688,52,14.77,23.034161,120.22936
2021/7/16 11:09:51,0.231,1237.5,44,4.14,5.098,0,0,2117,-4.688,52,14.785,23.034161,120.22936
2021/7/16 11:09:53,0.188,1275,40,2.86,3.529,0,0,2117,-4.688,52,14.725,23.034161,120.22936
2021/7/16 11:09:55,0.153,1275,40,2.86,3.529,0,0,2117,-4.688,53,14.761,23.034161,120.22936
2021/7/16 11:09:57,0.153,1237.5,36,2.82,3.529,0,0,2117,-4.688,53,14.762,23.034161,120.22936
2021/7/16 11:09:58,0.153,1225,34,4.18,3.529,0,0,2117,-4.688,53,13.618,23.034161,120.22936
2021/7/16 11:10:00,0.216,1062.5,26,4.18,5.49,0,0,2117,-5.469,53,13.499,23.035086,120.23026
2021/7/16 11:10:02,0.282,1037.5,20,3.86,5.098,0,0,2117,-5.469,53,12.774,23.035086,120.23026
2021/7/16 11:10:03,0.278,737.5,4,3.53,4.706,0,0,2117,-7.031,53,12.459,23.035086,120.23026
2021/7/16 11:10:05,0.349,762.5,0,3.45,4.314,0,0,2117,-7.031,53,12.294,23.035223,120.2304
2021/7/16 11:10:07,0.337,725,0,3.17,3.922,0,0,2117,-7.031,53,12.281,23.035223,120.2304
2021/7/16 11:10:08,0.325,712.5,0,2.97,3.922,0,0,2117,-7.031,53,12.26,23.035223,120.2304
2021/7/16 11:10:10,0.325,712.5,0,3.02,3.922,0,0,2117,-7.031,53,12.274,23.035225,120.2304
2021/7/16 11:10:12,0.325,712.5,0,3.28,4.314,0,0,2117,-7.031,53,12.251,23.035225,120.2304
2021/7/16 11:10:13,0.325,700,0,3.31,3.922,0,0,2117,-7.031,54,12.234,23.035225,120.2304
2021/7/16 11:10:15,0.333,712.5,0,3.25,4.314,0,0,2117,-7.031,54,12.308,23.035225,120.2304
2021/7/16 11:10:17,0.333,712.5,0,3.06,4.314,0,0,2117,-7.031,54,12.132,23.035225,120.2304
2021/7/16 11:10:19,0.333,712.5,0,3.05,3.922,0,0,2117,-7.031,54,12.147,23.035225,120.2304
2021/7/16 11:10:20,0.333,712.5,0,3.4,3.922,0,0,2117,-7.031,54,12.243,23.035225,120.2304
2021/7/16 11:10:22,0.337,700,0,3.08,4.314,0,0,2117,-7.031,54,12.225,23.035225,120.23041
2021/7/16 11:10:24,0.337,712.5,0,3.26,3.922,0,0,2117,-7.031,54,12.201,23.035225,120.23041
2021/7/16 11:10:25,0.337,712.5,0,3.23,4.314,0,0,2117,-7.031,55,12.323,23.035225,120.23041
2021/7/16 11:10:27,0.337,700,0,3.18,4.314,0,0,2117,-7.031,55,12.383,23.035223,120.23042
2021/7/16 11:10:29,0.357,712.5,0,3.46,4.314,0,0,2117,-7.031,55,12.434,23.035223,120.23042
2021/7/16 11:10:30,0.369,700,0,3.41,4.706,0,0,2117,-7.031,55,12.715,23.035223,120.23042
2021/7/16 11:10:32,0.384,700,0,3.58,4.706,0,0,2117,-7.031,55,12.679,23.035223,120.23042
2021/7/16 11:10:34,0.388,712.5,0,3.71,4.706,0,0,2117,-7.031,55,12.712,23.035223,120.23042
2021/7/16 11:10:35,0.4,712.5,0,6.65,4.706,0,14.51,2117,-3.906,55,13.237,23.035223,120.23042
2021/7/16 11:10:37,0.639,1412.5,6,11.88,12.941,0,27.843,2117,-3.906,55,13.288,23.035229,120.23042
2021/7/16 11:10:39,0.765,1825,12,22.59,20.392,0,32.549,2117,-4.688,56,13.294,23.035229,120.23042
2021/7/16 11:10:41,0.788,2150,26,9.66,27.451,0,7.451,2117,-6.25,56,13.27,23.035337,120.23053
2021/7/16 11:10:43,0.361,1700,30,7.68,9.02,0,12.941,2117,-3.906,56,13.292,23.035337,120.23053
